x-axis,1,2
second,Volt,Volt
-29.80000E-06,+0.0E+00,+148.24120444E-03
-29.75000E-06,+50.25125668E-03,+148.24120444E-03
-29.70000E-06,+0.0E+00,+148.24120444E-03
-29.65000E-06,+0.0E+00,+148.24120444E-03
-29.60000E-06,+50.25125667E-03,+148.74371700E-03
-29.55000E-06,+0.0E+00,+148.74371700E-03
-29.50000E-06,-50.25125667E-03,+148.74371700E-03
-29.45000E-06,+0.0E+00,+152.76381746E-03
-29.40000E-06,+402.01005340E-03,+148.74371700E-03
-29.35000E-06,+351.75879672E-03,+152.76381746E-03
-29.30000E-06,+0.0E+00,+152.76381746E-03
-29.25000E-06,+50.25125667E-03,+152.76381746E-03
-29.20000E-06,+0.0E+00,+156.78391792E-03
-29.15000E-06,+0.0E+00,+152.76381746E-03
-29.10000E-06,+0.0E+00,+152.76381746E-03
-29.05000E-06,+0.0E+00,+144.72361654E-03
-29.00000E-06,+0.0E+00,+168.84421930E-03
-28.95000E-06,+0.0E+00,+168.84421930E-03
-28.90000E-06,+50.25125667E-03,+153.26633002E-03
-28.85000E-06,+402.01005340E-03,+152.76381746E-03
-28.80000E-06,+0.0E+00,+160.80401838E-03
-28.75000E-06,+0.0E+00,+172.86431976E-03
-28.70000E-06,+402.01005340E-03,+164.82411884E-03
-28.65000E-06,+50.25125667E-03,+156.78391792E-03
-28.60000E-06,+0.0E+00,+161.30653094E-03
-28.55000E-06,+402.01005340E-03,+164.82411884E-03
-28.50000E-06,+0.0E+00,+168.84421930E-03
-28.45000E-06,+402.01005340E-03,+164.82411884E-03
-28.40000E-06,+50.25125667E-03,+172.86431976E-03
-28.35000E-06,+402.01005340E-03,+168.84421930E-03
-28.30000E-06,+50.25125667E-03,+168.84421930E-03
-28.25000E-06,+0.0E+00,+172.86431976E-03
-28.20000E-06,+0.0E+00,+173.36683231E-03
-28.15000E-06,+351.75879673E-03,+176.88442022E-03
-28.10000E-06,+402.01005340E-03,+176.38190766E-03
-28.05000E-06,+351.75879673E-03,+172.86431976E-03
-28.00000E-06,+50.25125667E-03,+168.84421930E-03
-27.95000E-06,+0.0E+00,+172.86431976E-03
-27.90000E-06,+402.01005340E-03,+176.88442022E-03
-27.85000E-06,+0.0E+00,+180.90452068E-03
-27.80000E-06,+0.0E+00,+176.88442022E-03
-27.75000E-06,+0.0E+00,+176.88442022E-03
-27.70000E-06,+0.0E+00,+176.88442022E-03
-27.65000E-06,+0.0E+00,+180.90452068E-03
-27.60000E-06,+351.75879673E-03,+181.40703323E-03
-27.55000E-06,+0.0E+00,+180.90452068E-03
-27.50000E-06,+50.25125666E-03,+180.90452068E-03
-27.45000E-06,+0.0E+00,+184.42210858E-03
-27.40000E-06,+402.01005340E-03,+184.42210858E-03
-27.35000E-06,+402.01005340E-03,+180.90452068E-03
-27.30000E-06,+0.0E+00,+184.92462113E-03
-27.25000E-06,+351.75879673E-03,+184.92462113E-03
-27.20000E-06,+0.0E+00,+188.94472159E-03
-27.15000E-06,+351.75879673E-03,+188.94472159E-03
-27.10000E-06,+0.0E+00,+188.94472159E-03
-27.05000E-06,+351.75879673E-03,+188.94472159E-03
-27.00000E-06,+0.0E+00,+188.94472159E-03
-26.95000E-06,+402.01005340E-03,+188.94472159E-03
-26.90000E-06,+0.0E+00,+192.96482205E-03
-26.85000E-06,+402.01005340E-03,+192.96482205E-03
-26.80000E-06,+50.25125666E-03,+192.96482205E-03
-26.75000E-06,+50.25125666E-03,+192.96482205E-03
-26.70000E-06,+50.25125666E-03,+192.96482205E-03
-26.65000E-06,+0.0E+00,+196.98492251E-03
-26.60000E-06,+0.0E+00,+196.98492251E-03
-26.55000E-06,+0.0E+00,+196.98492251E-03
-26.50000E-06,+0.0E+00,+196.98492251E-03
-26.45000E-06,+0.0E+00,+201.00502297E-03
-26.40000E-06,+0.0E+00,+201.00502297E-03
-26.35000E-06,+402.01005340E-03,+196.98492251E-03
-26.30000E-06,+0.0E+00,+201.00502297E-03
-26.25000E-06,+402.01005340E-03,+201.00502297E-03
-26.20000E-06,+0.0E+00,+205.02512343E-03
-26.15000E-06,+0.0E+00,+201.00502297E-03
-26.10000E-06,+351.75879674E-03,+205.02512343E-03
-26.05000E-06,+0.0E+00,+201.50753553E-03
-26.00000E-06,+402.01005340E-03,+205.02512343E-03
-25.95000E-06,+50.25125666E-03,+205.02512343E-03
-25.90000E-06,+351.75879674E-03,+205.02512343E-03
-25.85000E-06,+0.0E+00,+205.52763599E-03
-25.80000E-06,+402.01005340E-03,+209.04522389E-03
-25.75000E-06,+0.0E+00,+209.04522389E-03
-25.70000E-06,+0.0E+00,+212.56281179E-03
-25.65000E-06,+402.01005340E-03,+209.04522389E-03
-25.60000E-06,+0.0E+00,+209.54773645E-03
-25.55000E-06,+402.01005340E-03,+209.04522389E-03
-25.50000E-06,+402.01005340E-03,+213.06532435E-03
-25.45000E-06,+0.0E+00,+213.06532435E-03
-25.40000E-06,+351.75879674E-03,+209.04522389E-03
-25.35000E-06,+0.0E+00,+221.10552527E-03
-25.30000E-06,+402.01005340E-03,+213.06532435E-03
-25.25000E-06,+402.01005340E-03,+220.60301271E-03
-25.20000E-06,+402.01005340E-03,+217.08542481E-03
-25.15000E-06,+402.01005340E-03,+217.08542481E-03
-25.10000E-06,+0.0E+00,+225.12562573E-03
-25.05000E-06,+50.25125665E-03,+217.08542481E-03
-25.00000E-06,+50.25125665E-03,+224.62311317E-03
-24.95000E-06,+402.01005340E-03,+221.10552527E-03
-24.90000E-06,+50.25125665E-03,+225.12562573E-03
-24.85000E-06,+351.75879675E-03,+225.12562573E-03
-24.80000E-06,+50.25125665E-03,+221.10552527E-03
-24.75000E-06,+0.0E+00,+229.14572619E-03
-24.70000E-06,+402.01005340E-03,+224.62311317E-03
-24.65000E-06,+0.0E+00,+225.12562573E-03
-24.60000E-06,+0.0E+00,+229.14572619E-03
-24.55000E-06,+0.0E+00,+229.14572619E-03
-24.50000E-06,+0.0E+00,+229.14572619E-03
-24.45000E-06,+351.75879675E-03,+229.14572619E-03
-24.40000E-06,+50.25125665E-03,+229.64823875E-03
-24.35000E-06,+0.0E+00,+229.14572619E-03
-24.30000E-06,+0.0E+00,+233.16582665E-03
-24.25000E-06,-50.25125665E-03,+233.16582665E-03
-24.20000E-06,+0.0E+00,+233.16582665E-03
-24.15000E-06,+0.0E+00,+236.68341455E-03
-24.10000E-06,+0.0E+00,+233.16582665E-03
-24.05000E-06,+0.0E+00,+233.16582665E-03
-24.00000E-06,+402.01005340E-03,+233.16582665E-03
-23.95000E-06,+0.0E+00,+233.66833921E-03
-23.90000E-06,-351.75879675E-03,+237.18592711E-03
-23.85000E-06,+50.25125665E-03,+237.18592711E-03
-23.80000E-06,+0.0E+00,+237.68843967E-03
-23.75000E-06,+0.0E+00,+237.68843967E-03
-23.70000E-06,+402.01005340E-03,+241.70854012E-03
-23.65000E-06,+0.0E+00,+244.72361547E-03
-23.60000E-06,+0.0E+00,+241.20602757E-03
-23.55000E-06,+402.01005340E-03,+245.22612803E-03
-23.50000E-06,+402.01005340E-03,+244.72361547E-03
-23.45000E-06,+0.0E+00,+241.70854012E-03
-23.40000E-06,+0.0E+00,+248.74371593E-03
-23.35000E-06,+50.25125664E-03,+245.22612803E-03
-23.30000E-06,+0.0E+00,+249.24622849E-03
-23.25000E-06,+0.0E+00,+245.22612803E-03
-23.20000E-06,+0.0E+00,+249.24622849E-03
-23.15000E-06,+402.01005340E-03,+249.24622849E-03
-23.10000E-06,+0.0E+00,+249.24622849E-03
-23.05000E-06,+0.0E+00,+253.26632895E-03
-23.00000E-06,+0.0E+00,+249.24622849E-03
-22.95000E-06,+0.0E+00,+252.76381639E-03
-22.90000E-06,+402.01005340E-03,+253.26632895E-03
-22.85000E-06,+0.0E+00,+253.26632895E-03
-22.80000E-06,+0.0E+00,+253.26632895E-03
-22.75000E-06,+351.75879676E-03,+256.78391685E-03
-22.70000E-06,+402.01005340E-03,+257.28642941E-03
-22.65000E-06,+402.01005340E-03,+257.28642941E-03
-22.60000E-06,+402.01005340E-03,+260.80401731E-03
-22.55000E-06,+0.0E+00,+257.28642941E-03
-22.50000E-06,+402.01005340E-03,+257.28642941E-03
-22.45000E-06,+0.0E+00,+257.28642941E-03
-22.40000E-06,+0.0E+00,+261.80904242E-03
-22.35000E-06,+402.01005340E-03,+257.28642941E-03
-22.30000E-06,+0.0E+00,+261.30652986E-03
-22.25000E-06,+0.0E+00,+261.80904242E-03
-22.20000E-06,+0.0E+00,+265.32663032E-03
-22.15000E-06,+0.0E+00,+265.82914288E-03
-22.10000E-06,+351.75879676E-03,+265.32663032E-03
-22.05000E-06,+0.0E+00,+265.32663032E-03
-22.00000E-06,+0.0E+00,+265.82914288E-03
-21.95000E-06,+0.0E+00,+269.34673078E-03
-21.90000E-06,+0.0E+00,+268.84421823E-03
-21.85000E-06,+0.0E+00,+268.84421823E-03
-21.80000E-06,+0.0E+00,+269.84924334E-03
-21.75000E-06,+402.01005340E-03,+269.34673078E-03
-21.70000E-06,+0.0E+00,+273.36683124E-03
-21.65000E-06,+0.0E+00,+273.36683124E-03
-21.60000E-06,+351.75879676E-03,+269.84924334E-03
-21.55000E-06,+0.0E+00,+273.36683124E-03
-21.50000E-06,+0.0E+00,+273.36683124E-03
-21.45000E-06,+0.0E+00,+277.38693170E-03
-21.40000E-06,+0.0E+00,+273.86934380E-03
-21.35000E-06,+0.0E+00,+277.38693170E-03
-21.30000E-06,+0.0E+00,+281.40703216E-03
-21.25000E-06,+402.01005340E-03,+281.40703216E-03
-21.20000E-06,+402.01005340E-03,+277.38693170E-03
-21.15000E-06,+0.0E+00,+281.40703216E-03
-21.10000E-06,+0.0E+00,+277.38693170E-03
-21.05000E-06,+0.0E+00,+281.40703216E-03
-21.00000E-06,+0.0E+00,+281.40703216E-03
-20.95000E-06,+0.0E+00,+281.40703216E-03
-20.90000E-06,+50.25125663E-03,+281.40703216E-03
-20.85000E-06,+351.75879676E-03,+285.42713262E-03
-20.80000E-06,+0.0E+00,+285.42713262E-03
-20.75000E-06,+0.0E+00,+285.42713262E-03
-20.70000E-06,+0.0E+00,+281.40703216E-03
-20.65000E-06,+0.0E+00,+289.44723308E-03
-20.60000E-06,+50.25125663E-03,+292.96482098E-03
-20.55000E-06,+402.01005340E-03,+289.44723308E-03
-20.50000E-06,+0.0E+00,+289.44723308E-03
-20.45000E-06,+0.0E+00,+293.46733354E-03
-20.40000E-06,+402.01005340E-03,+293.46733354E-03
-20.35000E-06,+804.02010679E-03,+337.18592604E-03
-20.30000E-06,+3.61809048057E+00,+365.82914181E-03
-20.25000E-06,+7.98994981130E+00,+506.03014533E-03
-20.20000E-06,+22.46231173356E+00,+472.36180398E-03
-20.15000E-06,+21.75879414002E+00,+273.36683124E-03
-20.10000E-06,+21.30653283000E+00,+281.40703216E-03
-20.05000E-06,+20.95477403323E+00,+281.40703216E-03
-20.00000E-06,+20.50251272321E+00,+337.68843859E-03
-19.95000E-06,+21.25628157337E+00,+318.09044885E-03
-19.90000E-06,+20.90452277660E+00,+289.94974564E-03
-19.85000E-06,+20.90452277660E+00,+302.01004702E-03
-19.80000E-06,+21.30653283000E+00,+277.88944426E-03
-19.75000E-06,+20.90452277660E+00,+297.48743400E-03
-19.70000E-06,+20.90452277660E+00,+297.48743400E-03
-19.65000E-06,+21.30653283000E+00,+301.50753446E-03
-19.60000E-06,+21.30653283000E+00,+301.50753446E-03
-19.55000E-06,+20.85427151998E+00,+333.66833813E-03
-19.50000E-06,+20.90452277660E+00,+325.62813722E-03
-19.45000E-06,+21.30653283000E+00,+289.44723308E-03
-19.40000E-06,+20.90452277660E+00,+277.38693170E-03
-19.35000E-06,+20.90452277660E+00,+269.34673078E-03
-19.30000E-06,+20.90452277660E+00,+276.88441915E-03
-19.25000E-06,+20.95477403323E+00,+273.36683124E-03
-19.20000E-06,+20.95477403323E+00,+277.38693170E-03
-19.15000E-06,+21.25628157338E+00,+281.40703216E-03
-19.10000E-06,+20.90452277660E+00,+288.94472052E-03
-19.05000E-06,+20.95477403323E+00,+289.44723308E-03
-19.00000E-06,+21.30653283000E+00,+281.40703216E-03
-18.95000E-06,+21.30653283000E+00,+273.36683124E-03
-18.90000E-06,+20.90452277660E+00,+277.38693170E-03
-18.85000E-06,+21.30653283000E+00,+281.40703216E-03
-18.80000E-06,+20.95477403323E+00,+269.34673078E-03
-18.75000E-06,+21.30653283000E+00,+257.28642941E-03
-18.70000E-06,+20.90452277660E+00,+253.26632895E-03
-18.65000E-06,+21.30653283000E+00,+257.28642941E-03
-18.60000E-06,+20.90452277660E+00,+261.30652986E-03
-18.55000E-06,+20.85427151998E+00,+273.36683124E-03
-18.50000E-06,+20.90452277660E+00,+273.36683124E-03
-18.45000E-06,+21.25628157338E+00,+272.86431869E-03
-18.40000E-06,+20.95477403322E+00,+265.32663032E-03
-18.35000E-06,+21.30653283000E+00,+261.30652986E-03
-18.30000E-06,+21.30653283000E+00,+257.28642941E-03
-18.25000E-06,+21.30653283000E+00,+253.26632895E-03
-18.20000E-06,+20.95477403322E+00,+257.28642941E-03
-18.15000E-06,+20.90452277660E+00,+256.78391685E-03
-18.10000E-06,+20.90452277660E+00,+253.26632895E-03
-18.05000E-06,+21.30653283000E+00,+253.26632895E-03
-18.00000E-06,+21.30653283000E+00,+257.28642941E-03
-17.95000E-06,+21.25628157338E+00,+257.28642941E-03
-17.90000E-06,+20.95477403322E+00,+261.30652986E-03
-17.85000E-06,+21.30653283000E+00,+257.78894196E-03
-17.80000E-06,+21.30653283000E+00,+257.28642941E-03
-17.75000E-06,+20.90452277660E+00,+249.74874104E-03
-17.70000E-06,+21.30653283000E+00,+245.22612803E-03
-17.65000E-06,+21.30653283000E+00,+245.22612803E-03
-17.60000E-06,+20.90452277660E+00,+249.24622849E-03
-17.55000E-06,+20.90452277660E+00,+249.24622849E-03
-17.50000E-06,+20.90452277660E+00,+249.24622849E-03
-17.45000E-06,+21.25628157339E+00,+249.74874104E-03
-17.40000E-06,+21.30653283000E+00,+248.74371593E-03
-17.35000E-06,+21.30653283000E+00,+249.24622849E-03
-17.30000E-06,+21.30653283000E+00,+249.24622849E-03
-17.25000E-06,+21.25628157339E+00,+249.24622849E-03
-17.20000E-06,+20.95477403322E+00,+249.24622849E-03
-17.15000E-06,+21.30653283000E+00,+245.22612803E-03
-17.10000E-06,+21.25628157339E+00,+241.20602757E-03
-17.05000E-06,+21.30653283000E+00,+241.20602757E-03
-17.00000E-06,+21.30653283000E+00,+241.20602757E-03
-16.95000E-06,+21.30653283000E+00,+245.22612803E-03
-16.90000E-06,+20.90452277660E+00,+241.20602757E-03
-16.85000E-06,+21.25628157339E+00,+241.20602757E-03
-16.80000E-06,+21.30653283000E+00,+245.22612803E-03
-16.75000E-06,+20.90452277660E+00,+245.22612803E-03
-16.70000E-06,+20.90452277660E+00,+237.18592711E-03
-16.65000E-06,+21.30653283000E+00,+237.18592711E-03
-16.60000E-06,+21.30653283000E+00,+236.68341455E-03
-16.55000E-06,+21.30653283000E+00,+233.66833921E-03
-16.50000E-06,+21.30653283000E+00,+233.16582665E-03
-16.45000E-06,+21.30653283000E+00,+233.16582665E-03
-16.40000E-06,+21.30653283000E+00,+233.16582665E-03
-16.35000E-06,+21.25628157339E+00,+237.18592711E-03
-16.30000E-06,+21.30653283000E+00,+236.68341455E-03
-16.25000E-06,+20.90452277660E+00,+236.68341455E-03
-16.20000E-06,+21.30653283000E+00,+233.16582665E-03
-16.15000E-06,+21.30653283000E+00,+229.64823875E-03
-16.10000E-06,+20.90452277660E+00,+229.14572619E-03
-16.05000E-06,+21.65829162679E+00,+229.14572619E-03
-16.00000E-06,+20.90452277660E+00,+229.14572619E-03
-15.95000E-06,+20.90452277660E+00,+225.62813829E-03
-15.90000E-06,+20.90452277660E+00,+229.14572619E-03
-15.85000E-06,+21.30653283000E+00,+229.14572619E-03
-15.80000E-06,+21.30653283000E+00,+229.14572619E-03
-15.75000E-06,+21.30653283000E+00,+228.64321363E-03
-15.70000E-06,+21.30653283000E+00,+228.64321363E-03
-15.65000E-06,+20.95477403321E+00,+225.12562573E-03
-15.60000E-06,+20.95477403321E+00,+225.12562573E-03
-15.55000E-06,+21.30653283000E+00,+225.12562573E-03
-15.50000E-06,+20.95477403321E+00,+225.12562573E-03
-15.45000E-06,+21.30653283000E+00,+221.10552527E-03
-15.40000E-06,+21.30653283000E+00,+221.10552527E-03
-15.35000E-06,+21.30653283000E+00,+217.08542481E-03
-15.30000E-06,+21.30653283000E+00,+221.10552527E-03
-15.25000E-06,+21.30653283000E+00,+217.08542481E-03
-15.20000E-06,+20.90452277660E+00,+221.10552527E-03
-15.15000E-06,+21.30653283000E+00,+213.06532435E-03
-15.10000E-06,+21.30653283000E+00,+221.10552527E-03
-15.05000E-06,+21.25628157340E+00,+237.68843966E-03
-15.00000E-06,+21.70854288340E+00,+201.00502297E-03
-14.95000E-06,+20.95477403321E+00,+201.00502297E-03
-14.90000E-06,+21.30653283000E+00,+217.08542481E-03
-14.85000E-06,+21.30653283000E+00,+225.12562573E-03
-14.80000E-06,+21.30653283000E+00,+221.10552527E-03
-14.75000E-06,+21.25628157339E+00,+196.98492251E-03
-14.70000E-06,+21.30653283000E+00,+208.54271133E-03
-14.65000E-06,+20.95477403321E+00,+216.58291225E-03
-14.60000E-06,+20.90452277660E+00,+209.54773645E-03
-14.55000E-06,+21.65829162679E+00,+209.04522389E-03
-14.50000E-06,+21.30653283000E+00,+205.02512343E-03
-14.45000E-06,+21.30653283000E+00,+209.04522389E-03
-14.40000E-06,+21.30653283000E+00,+205.02512343E-03
-14.35000E-06,+21.30653283000E+00,+209.04522389E-03
-14.30000E-06,+21.30653283000E+00,+208.54271133E-03
-14.25000E-06,+21.30653283000E+00,+205.02512343E-03
-14.20000E-06,+21.30653283000E+00,+204.52261088E-03
-14.15000E-06,+21.30653283000E+00,+201.00502297E-03
-14.10000E-06,+20.95477403321E+00,+201.00502297E-03
-14.05000E-06,+21.30653283000E+00,+205.02512343E-03
-14.00000E-06,+21.30653283000E+00,+205.02512343E-03
-13.95000E-06,+21.30653283000E+00,+205.02512343E-03
-13.90000E-06,+21.30653283000E+00,+196.98492251E-03
-13.85000E-06,+21.30653283000E+00,+192.96482205E-03
-13.80000E-06,+21.30653283000E+00,+201.00502297E-03
-13.75000E-06,+21.25628157339E+00,+192.96482205E-03
-13.70000E-06,+20.90452277660E+00,+192.96482205E-03
-13.65000E-06,+21.30653283000E+00,+196.98492251E-03
-13.60000E-06,+20.90452277660E+00,+197.48743507E-03
-13.55000E-06,+21.30653283000E+00,+196.98492251E-03
-13.50000E-06,+21.30653283000E+00,+192.96482205E-03
-13.45000E-06,+21.30653283000E+00,+192.96482205E-03
-13.40000E-06,+21.30653283000E+00,+193.46733461E-03
-13.35000E-06,+21.30653283000E+00,+188.94472159E-03
-13.30000E-06,+21.30653283000E+00,+188.94472159E-03
-13.25000E-06,+21.30653283000E+00,+192.96482205E-03
-13.20000E-06,+21.30653283000E+00,+188.94472159E-03
-13.15000E-06,+21.30653283000E+00,+184.92462113E-03
-13.10000E-06,+21.30653283000E+00,+188.94472159E-03
-13.05000E-06,+21.35678408661E+00,+188.94472159E-03
-13.00000E-06,+21.25628157339E+00,+184.92462113E-03
-12.95000E-06,+21.30653283000E+00,+184.92462113E-03
-12.90000E-06,+21.30653283000E+00,+188.44220904E-03
-12.85000E-06,+21.30653283000E+00,+184.92462113E-03
-12.80000E-06,+21.30653283000E+00,+180.90452068E-03
-12.75000E-06,+21.25628157339E+00,+184.92462113E-03
-12.70000E-06,+21.30653283000E+00,+184.92462113E-03
-12.65000E-06,+21.30653283000E+00,+180.90452068E-03
-12.60000E-06,+21.30653283000E+00,+177.38693277E-03
-12.55000E-06,+21.30653283000E+00,+180.90452068E-03
-12.50000E-06,+21.30653283000E+00,+176.88442022E-03
-12.45000E-06,+21.30653283000E+00,+180.90452068E-03
-12.40000E-06,+21.30653283000E+00,+180.90452068E-03
-12.35000E-06,+21.30653283000E+00,+176.88442022E-03
-12.30000E-06,+21.30653283000E+00,+180.90452068E-03
-12.25000E-06,+21.30653283000E+00,+176.88442022E-03
-12.20000E-06,+21.30653283000E+00,+176.88442022E-03
-12.15000E-06,+21.30653283000E+00,+176.88442022E-03
-12.10000E-06,+21.30653283000E+00,+173.36683231E-03
-12.05000E-06,+21.30653283000E+00,+172.86431976E-03
-12.00000E-06,+20.95477403321E+00,+172.86431976E-03
-11.95000E-06,+21.30653283000E+00,+172.86431976E-03
-11.90000E-06,+21.30653283000E+00,+172.86431976E-03
-11.85000E-06,+21.30653283000E+00,+168.84421930E-03
-11.80000E-06,+21.30653283000E+00,+172.36180720E-03
-11.75000E-06,+21.30653283000E+00,+168.84421930E-03
-11.70000E-06,+20.95477403321E+00,+168.84421930E-03
-11.65000E-06,+21.30653283000E+00,+168.84421930E-03
-11.60000E-06,+21.30653283000E+00,+168.84421930E-03
-11.55000E-06,+21.30653283000E+00,+164.82411884E-03
-11.50000E-06,+21.30653283000E+00,+164.82411884E-03
-11.45000E-06,+21.30653283000E+00,+164.82411884E-03
-11.40000E-06,+21.30653283000E+00,+164.82411884E-03
-11.35000E-06,+21.30653283000E+00,+164.82411884E-03
-11.30000E-06,+21.30653283000E+00,+164.82411884E-03
-11.25000E-06,+21.30653283000E+00,+160.80401838E-03
-11.20000E-06,+21.30653283000E+00,+160.80401838E-03
-11.15000E-06,+21.30653283000E+00,+160.80401838E-03
-11.10000E-06,+21.30653283000E+00,+160.80401838E-03
-11.05000E-06,+21.30653283000E+00,+160.80401838E-03
-11.00000E-06,+21.30653283000E+00,+160.80401838E-03
-10.95000E-06,+21.25628157339E+00,+160.80401838E-03
-10.90000E-06,+21.30653283000E+00,+156.78391792E-03
-10.85000E-06,+21.30653283000E+00,+156.28140536E-03
-10.80000E-06,+21.25628157339E+00,+152.76381746E-03
-10.75000E-06,+20.90452277660E+00,+156.78391792E-03
-10.70000E-06,+21.30653283000E+00,+156.78391792E-03
-10.65000E-06,+21.30653283000E+00,+153.26633002E-03
-10.60000E-06,+21.30653283000E+00,+153.26633002E-03
-10.55000E-06,+21.70854288340E+00,+152.76381746E-03
-10.50000E-06,+21.30653283000E+00,+152.76381746E-03
-10.45000E-06,+20.90452277660E+00,+149.24622956E-03
-10.40000E-06,+21.30653283000E+00,+148.74371700E-03
-10.35000E-06,+21.30653283000E+00,+152.26130490E-03
-10.30000E-06,+21.30653283000E+00,+148.74371700E-03
-10.25000E-06,+21.30653283000E+00,+145.22612910E-03
-10.20000E-06,+20.95477403322E+00,+148.74371700E-03
-10.15000E-06,+21.30653283000E+00,+144.72361654E-03
-10.10000E-06,+21.30653283000E+00,+144.72361654E-03
-10.05000E-06,+21.30653283000E+00,+144.72361654E-03
-10.00000E-06,+21.30653283000E+00,+144.72361654E-03
-9.95000E-06,+21.30653283000E+00,+141.20602864E-03
-9.90000E-06,+21.30653283000E+00,+140.70351608E-03
-9.85000E-06,+21.30653283000E+00,+140.70351608E-03
-9.80000E-06,+21.30653283000E+00,+140.70351608E-03
-9.75000E-06,+21.30653283000E+00,+140.70351608E-03
-9.70000E-06,+21.30653283000E+00,+137.18592818E-03
-9.65000E-06,+21.30653283000E+00,+140.70351608E-03
-9.60000E-06,+20.90452277660E+00,+136.68341562E-03
-9.55000E-06,+21.30653283000E+00,+136.68341562E-03
-9.50000E-06,+21.30653283000E+00,+136.68341562E-03
-9.45000E-06,+21.30653283000E+00,+136.68341562E-03
-9.40000E-06,+21.30653283000E+00,+136.68341562E-03
-9.35000E-06,+21.30653283000E+00,+136.68341562E-03
-9.30000E-06,+21.30653283000E+00,+132.66331516E-03
-9.25000E-06,+21.30653283000E+00,+132.66331516E-03
-9.20000E-06,+21.30653283000E+00,+136.18090306E-03
-9.15000E-06,+21.25628157338E+00,+132.66331516E-03
-9.10000E-06,+21.30653283000E+00,+128.64321470E-03
-9.05000E-06,+20.90452277660E+00,+116.58291332E-03
-9.00000E-06,+20.85427151999E+00,+140.20100352E-03
-8.95000E-06,+21.30653283000E+00,+137.18592818E-03
-8.90000E-06,+21.30653283000E+00,+124.62311424E-03
-8.85000E-06,+21.30653283000E+00,+120.60301378E-03
-8.80000E-06,+20.90452277660E+00,+128.64321470E-03
-8.75000E-06,+21.35678408662E+00,+140.20100352E-03
-8.70000E-06,+21.30653283000E+00,+128.64321470E-03
-8.65000E-06,+21.30653283000E+00,+116.58291332E-03
-8.60000E-06,+21.30653283000E+00,+124.62311424E-03
-8.55000E-06,+21.30653283000E+00,+120.60301378E-03
-8.50000E-06,+21.30653283000E+00,+120.60301378E-03
-8.45000E-06,+20.95477403322E+00,+120.60301378E-03
-8.40000E-06,+21.30653283000E+00,+124.62311424E-03
-8.35000E-06,+21.30653283000E+00,+120.10050123E-03
-8.30000E-06,+21.30653283000E+00,+116.58291332E-03
-8.25000E-06,+21.30653283000E+00,+117.08542588E-03
-8.20000E-06,+20.95477403322E+00,+124.62311424E-03
-8.15000E-06,+21.30653283000E+00,+120.60301378E-03
-8.10000E-06,+20.90452277660E+00,+120.60301378E-03
-8.05000E-06,+21.30653283000E+00,+120.10050123E-03
-8.00000E-06,+21.30653283000E+00,+112.56281286E-03
-7.95000E-06,+20.95477403322E+00,+116.58291332E-03
-7.90000E-06,+21.30653283000E+00,+116.58291332E-03
-7.85000E-06,+21.30653283000E+00,+116.58291332E-03
-7.80000E-06,+21.30653283000E+00,+113.06532542E-03
-7.75000E-06,+21.25628157338E+00,+108.54271241E-03
-7.70000E-06,+21.30653283000E+00,+116.58291332E-03
-7.65000E-06,+21.30653283000E+00,+109.04522496E-03
-7.60000E-06,+20.95477403322E+00,+113.06532542E-03
-7.55000E-06,+21.30653283000E+00,+108.54271241E-03
-7.50000E-06,+21.25628157338E+00,+112.56281286E-03
-7.45000E-06,+21.30653283000E+00,+112.56281286E-03
-7.40000E-06,+21.30653283000E+00,+105.02512450E-03
-7.35000E-06,+21.30653283000E+00,+108.54271241E-03
-7.30000E-06,+20.95477403322E+00,+104.52261195E-03
-7.25000E-06,+21.25628157338E+00,+108.54271241E-03
-7.20000E-06,+21.25628157338E+00,+108.54271241E-03
-7.15000E-06,+21.30653283000E+00,+100.50251149E-03
-7.10000E-06,+21.30653283000E+00,+104.52261195E-03
-7.05000E-06,+20.90452277660E+00,+100.50251149E-03
-7.00000E-06,+21.25628157338E+00,+104.52261195E-03
-6.95000E-06,+21.25628157338E+00,+99.99999893E-03
-6.90000E-06,+20.95477403322E+00,+100.50251149E-03
-6.85000E-06,+21.30653283000E+00,+100.50251149E-03
-6.80000E-06,+20.90452277660E+00,+100.50251149E-03
-6.75000E-06,+21.30653283000E+00,+96.48241103E-03
-6.70000E-06,+20.95477403322E+00,+95.97989847E-03
-6.65000E-06,+20.95477403322E+00,+96.48241103E-03
-6.60000E-06,+20.90452277660E+00,+96.48241103E-03
-6.55000E-06,+21.30653283000E+00,+96.48241103E-03
-6.50000E-06,+21.30653283000E+00,+92.96482312E-03
-6.45000E-06,+20.90452277660E+00,+92.96482312E-03
-6.40000E-06,+20.95477403322E+00,+92.46231057E-03
-6.35000E-06,+21.30653283000E+00,+92.46231057E-03
-6.30000E-06,+21.30653283000E+00,+92.46231057E-03
-6.25000E-06,+20.95477403322E+00,+92.46231057E-03
-6.20000E-06,+21.30653283000E+00,+88.94472266E-03
-6.15000E-06,+20.95477403322E+00,+88.44221011E-03
-6.10000E-06,+21.30653283000E+00,+88.44221011E-03
-6.05000E-06,+21.30653283000E+00,+88.94472266E-03
-6.00000E-06,+21.30653283000E+00,+88.44221011E-03
-5.95000E-06,+20.90452277660E+00,+88.44221011E-03
-5.90000E-06,+21.25628157338E+00,+88.44221011E-03
-5.85000E-06,+21.30653283000E+00,+84.42210965E-03
-5.80000E-06,+21.30653283000E+00,+84.42210965E-03
-5.75000E-06,+21.30653283000E+00,+88.44221011E-03
-5.70000E-06,+21.30653283000E+00,+80.40200919E-03
-5.65000E-06,+21.30653283000E+00,+84.42210965E-03
-5.60000E-06,+21.30653283000E+00,+80.40200919E-03
-5.55000E-06,+20.90452277660E+00,+84.42210965E-03
-5.50000E-06,+21.30653283000E+00,+80.40200919E-03
-5.45000E-06,+20.90452277660E+00,+83.91959709E-03
-5.40000E-06,+20.95477403322E+00,+76.88442129E-03
-5.35000E-06,+21.30653283000E+00,+80.40200919E-03
-5.30000E-06,+21.30653283000E+00,+79.89949663E-03
-5.25000E-06,+20.90452277660E+00,+76.38190873E-03
-5.20000E-06,+21.30653283000E+00,+76.38190873E-03
-5.15000E-06,+20.90452277660E+00,+72.86432083E-03
-5.10000E-06,+21.30653283000E+00,+79.89949663E-03
-5.05000E-06,+20.90452277660E+00,+76.38190873E-03
-5.00000E-06,+21.30653283000E+00,+72.36180827E-03
-4.95000E-06,+20.90452277660E+00,+72.36180827E-03
-4.90000E-06,+21.30653283000E+00,+72.36180827E-03
-4.85000E-06,+21.30653283000E+00,+72.36180827E-03
-4.80000E-06,+20.90452277660E+00,+72.36180827E-03
-4.75000E-06,+20.90452277660E+00,+72.36180827E-03
-4.70000E-06,+20.95477403322E+00,+71.85929571E-03
-4.65000E-06,+21.30653283000E+00,+64.82411991E-03
-4.60000E-06,+21.30653283000E+00,+68.34170781E-03
-4.55000E-06,+20.95477403322E+00,+68.34170781E-03
-4.50000E-06,+21.30653283000E+00,+71.85929571E-03
-4.45000E-06,+20.90452277660E+00,+68.34170781E-03
-4.40000E-06,+21.30653283000E+00,+68.34170781E-03
-4.35000E-06,+21.25628157339E+00,+64.32160735E-03
-4.30000E-06,+20.95477403322E+00,+68.34170781E-03
-4.25000E-06,+20.95477403322E+00,+67.83919525E-03
-4.20000E-06,+21.25628157339E+00,+68.34170781E-03
-4.15000E-06,+21.25628157339E+00,+64.32160735E-03
-4.10000E-06,+20.90452277660E+00,+60.30150689E-03
-4.05000E-06,+21.30653283000E+00,+64.32160735E-03
-4.00000E-06,+21.30653283000E+00,+60.30150689E-03
-3.95000E-06,+20.90452277660E+00,+64.32160735E-03
-3.90000E-06,+21.30653283000E+00,+60.80401945E-03
-3.85000E-06,+21.30653283000E+00,+56.78391899E-03
-3.80000E-06,+20.95477403322E+00,+59.79899434E-03
-3.75000E-06,+20.90452277660E+00,+56.28140643E-03
-3.70000E-06,+20.90452277660E+00,+56.28140643E-03
-3.65000E-06,+21.30653283000E+00,+55.77889388E-03
-3.60000E-06,+20.90452277660E+00,+56.28140643E-03
-3.55000E-06,+20.95477403322E+00,+56.28140643E-03
-3.50000E-06,+21.25628157339E+00,+56.28140643E-03
-3.45000E-06,+21.30653283000E+00,+52.76381853E-03
-3.40000E-06,+20.90452277660E+00,+52.26130597E-03
-3.35000E-06,+21.30653283000E+00,+52.26130597E-03
-3.30000E-06,+20.90452277660E+00,+52.26130597E-03
-3.25000E-06,+21.30653283000E+00,+52.26130597E-03
-3.20000E-06,+20.95477403322E+00,+52.26130597E-03
-3.15000E-06,+20.90452277660E+00,+48.24120551E-03
-3.10000E-06,+21.30653283000E+00,+48.74371807E-03
-3.05000E-06,+21.25628157339E+00,+52.26130597E-03
-3.00000E-06,+21.30653283000E+00,+48.24120551E-03
-2.95000E-06,+20.90452277660E+00,+48.24120551E-03
-2.90000E-06,+21.25628157339E+00,+48.24120551E-03
-2.85000E-06,+20.90452277660E+00,+44.72361761E-03
-2.80000E-06,+20.90452277660E+00,+44.22110505E-03
-2.75000E-06,+20.90452277660E+00,+44.22110505E-03
-2.70000E-06,+20.95477403322E+00,+44.22110505E-03
-2.65000E-06,+20.90452277660E+00,+44.22110505E-03
-2.60000E-06,+21.25628157339E+00,+40.20100459E-03
-2.55000E-06,+21.30653283000E+00,+40.20100459E-03
-2.50000E-06,+21.25628157339E+00,+44.22110505E-03
-2.45000E-06,+20.90452277660E+00,+40.20100459E-03
-2.40000E-06,+20.95477403322E+00,+40.20100459E-03
-2.35000E-06,+20.95477403322E+00,+40.20100459E-03
-2.30000E-06,+20.90452277660E+00,+40.20100459E-03
-2.25000E-06,+21.25628157339E+00,+40.20100459E-03
-2.20000E-06,+21.25628157339E+00,+39.69849204E-03
-2.15000E-06,+20.90452277660E+00,+36.18090414E-03
-2.10000E-06,+20.90452277660E+00,+36.18090414E-03
-2.05000E-06,+21.30653283000E+00,+36.18090414E-03
-2.00000E-06,+20.85427151999E+00,+35.67839158E-03
-1.95000E-06,+20.90452277660E+00,+32.16080368E-03
-1.90000E-06,+20.95477403322E+00,+35.67839158E-03
-1.85000E-06,+20.90452277660E+00,+32.16080368E-03
-1.80000E-06,+21.30653283000E+00,+32.16080368E-03
-1.75000E-06,+20.85427151999E+00,+28.14070322E-03
-1.70000E-06,+20.90452277660E+00,+32.16080368E-03
-1.65000E-06,+21.30653283000E+00,+28.14070322E-03
-1.60000E-06,+21.25628157339E+00,+28.14070322E-03
-1.55000E-06,+21.30653283000E+00,+28.14070322E-03
-1.50000E-06,+21.30653283000E+00,+28.14070322E-03
-1.45000E-06,+21.25628157339E+00,+28.14070322E-03
-1.40000E-06,+21.30653283000E+00,+24.62311531E-03
-1.35000E-06,+21.25628157339E+00,+28.14070322E-03
-1.30000E-06,+20.90452277660E+00,+28.14070322E-03
-1.25000E-06,+20.90452277660E+00,+23.61809020E-03
-1.20000E-06,+20.90452277660E+00,+28.14070322E-03
-1.15000E-06,+20.90452277660E+00,+24.12060276E-03
-1.10000E-06,+20.90452277660E+00,+27.63819066E-03
-1.05000E-06,+20.90452277660E+00,+24.12060276E-03
-1.00000E-06,+20.90452277660E+00,+20.10050230E-03
-950.00E-09,+20.90452277660E+00,+20.10050230E-03
-900.00E-09,+20.90452277660E+00,+19.59798974E-03
-850.00E-09,+20.90452277660E+00,+20.10050230E-03
-800.00E-09,+20.90452277660E+00,+20.10050230E-03
-750.00E-09,+20.90452277660E+00,+20.10050230E-03
-700.00E-09,+20.90452277660E+00,+20.10050230E-03
-650.00E-09,+20.90452277660E+00,+16.08040184E-03
-600.00E-09,+21.30653283000E+00,+16.08040184E-03
-550.00E-09,+20.90452277660E+00,+16.08040184E-03
-500.00E-09,+20.90452277660E+00,+12.06030138E-03
-450.00E-09,+21.30653283000E+00,+16.08040184E-03
-400.00E-09,+20.85427151999E+00,+12.06030138E-03
-350.00E-09,+20.90452277660E+00,+12.06030138E-03
-300.00E-09,+20.90452277660E+00,+12.06030138E-03
-250.00E-09,+20.90452277660E+00,+12.06030138E-03
-200.00E-09,+20.90452277660E+00,+12.06030138E-03
-150.00E-09,+20.50251272321E+00,+8.04020092E-03
-100.00E-09,+20.90452277660E+00,+8.04020092E-03
-50.00E-09,+20.90452277660E+00,+11.55778882E-03
+0.0E+00,+20.90452277660E+00,+8.04020092E-03
+50.00E-09,+20.90452277660E+00,+8.04020092E-03
+100.00E-09,+20.90452277660E+00,+8.04020092E-03
+150.00E-09,+20.90452277660E+00,+8.04020092E-03
+200.00E-09,+20.90452277660E+00,+4.02010046E-03
+250.00E-09,+20.90452277660E+00,+4.02010046E-03
+300.00E-09,+20.55276397982E+00,+4.02010046E-03
+350.00E-09,+20.90452277660E+00,+4.02010046E-03
+400.00E-09,+20.90452277660E+00,+4.02010046E-03
+450.00E-09,+20.90452277660E+00,+4.02010046E-03
+500.00E-09,+20.85427151999E+00,+4.02010046E-03
+550.00E-09,+20.90452277660E+00,+0.0E+00
+600.00E-09,+20.55276397982E+00,+502.51256E-06
+650.00E-09,+20.50251272321E+00,+0.0E+00
+700.00E-09,+20.90452277660E+00,+0.0E+00
+750.00E-09,+20.50251272321E+00,-3.51758790E-03
+800.00E-09,+20.90452277660E+00,+0.0E+00
+850.00E-09,+20.90452277660E+00,+0.0E+00
+900.00E-09,+20.50251272321E+00,-4.02010046E-03
+950.00E-09,+20.55276397982E+00,-4.02010046E-03
+1.00000E-06,+20.90452277660E+00,-4.02010046E-03
+1.05000E-06,+20.90452277660E+00,-4.02010046E-03
+1.10000E-06,+20.50251272321E+00,-4.02010046E-03
+1.15000E-06,+20.90452277660E+00,-8.04020092E-03
+1.20000E-06,+20.90452277660E+00,-8.04020092E-03
+1.25000E-06,+20.50251272321E+00,-12.56281394E-03
+1.30000E-06,+20.50251272321E+00,-16.08040184E-03
+1.35000E-06,+19.74874387303E+00,-20.10050230E-03
+1.40000E-06,+19.69849261642E+00,-24.12060276E-03
+1.45000E-06,+19.24623130641E+00,-24.12060276E-03
+1.50000E-06,+18.49246245623E+00,-24.12060276E-03
+1.55000E-06,+17.68844234943E+00,-28.14070322E-03
+1.60000E-06,+16.88442224264E+00,-28.14070322E-03
+1.65000E-06,+16.48241218925E+00,-28.14070322E-03
+1.70000E-06,+15.67839208245E+00,-28.14070322E-03
+1.75000E-06,+15.22613077244E+00,-32.16080368E-03
+1.80000E-06,+14.47236192226E+00,-28.64321577E-03
+1.85000E-06,+14.02010061225E+00,-32.16080368E-03
+1.90000E-06,+13.21608050546E+00,-28.64321577E-03
+1.95000E-06,+12.46231165528E+00,-28.64321577E-03
+2.00000E-06,+11.65829154849E+00,-28.14070322E-03
+2.05000E-06,+11.25628149509E+00,-28.14070322E-03
+2.10000E-06,+10.45226138830E+00,-28.14070322E-03
+2.15000E-06,+10.45226138830E+00,-31.65829112E-03
+2.20000E-06,+9.64824128151E+00,-31.65829112E-03
+2.25000E-06,+9.24623122811E+00,-28.14070322E-03
+2.30000E-06,+9.24623122811E+00,-28.14070322E-03
+2.35000E-06,+8.84422117472E+00,-24.12060276E-03
+2.40000E-06,+8.44221112132E+00,-24.12060276E-03
+2.45000E-06,+8.44221112132E+00,-20.60301485E-03
+2.50000E-06,+8.04020106792E+00,-23.61809020E-03
+2.55000E-06,+7.63819101453E+00,-20.10050230E-03
+2.60000E-06,+7.28643221775E+00,-20.10050230E-03
+2.65000E-06,+7.23618096113E+00,-19.59798974E-03
+2.70000E-06,+6.88442216435E+00,-16.08040184E-03
+2.75000E-06,+7.23618096113E+00,-16.08040184E-03
+2.80000E-06,+7.23618096113E+00,-12.56281394E-03
+2.85000E-06,+6.83417090774E+00,-12.56281394E-03
+2.90000E-06,+7.23618096113E+00,-12.06030138E-03
+2.95000E-06,+7.18592970452E+00,-8.04020092E-03
+3.00000E-06,+7.23618096113E+00,-8.04020092E-03
+3.05000E-06,+7.23618096113E+00,-8.04020092E-03
+3.10000E-06,+7.23618096113E+00,-7.53768836E-03
+3.15000E-06,+7.23618096113E+00,-3.51758790E-03
+3.20000E-06,+7.63819101453E+00,-4.02010046E-03
+3.25000E-06,+7.63819101453E+00,-3.51758790E-03
+3.30000E-06,+7.68844227114E+00,+0.0E+00
+3.35000E-06,+8.04020106792E+00,+0.0E+00
+3.40000E-06,+8.44221112132E+00,+4.02010046E-03
+3.45000E-06,+8.44221112132E+00,+4.02010046E-03
+3.50000E-06,+8.79396991810E+00,+4.02010046E-03
+3.55000E-06,+8.84422117472E+00,+8.04020092E-03
+3.60000E-06,+9.24623122811E+00,+502.51256E-06
+3.65000E-06,+9.64824128151E+00,+8.04020092E-03
+3.70000E-06,+10.05025133491E+00,+8.04020092E-03
+3.75000E-06,+10.40201013169E+00,+11.55778882E-03
+3.80000E-06,+10.80402018509E+00,+8.04020092E-03
+3.85000E-06,+11.25628149509E+00,+8.04020092E-03
+3.90000E-06,+11.65829154849E+00,+12.06030138E-03
+3.95000E-06,+11.65829154849E+00,+12.06030138E-03
+4.00000E-06,+12.06030160189E+00,+12.06030138E-03
+4.05000E-06,+12.46231165528E+00,+12.06030138E-03
+4.10000E-06,+12.46231165528E+00,+12.06030138E-03
+4.15000E-06,+12.91457296529E+00,+12.06030138E-03
+4.20000E-06,+13.66834181547E+00,+12.06030138E-03
+4.25000E-06,+13.66834181547E+00,+8.04020092E-03
+4.30000E-06,+14.42211066565E+00,+12.06030138E-03
+4.35000E-06,+14.07035186887E+00,+8.04020092E-03
+4.40000E-06,+14.47236192226E+00,+8.04020092E-03
+4.45000E-06,+14.87437197566E+00,+8.04020092E-03
+4.50000E-06,+14.87437197566E+00,+8.04020092E-03
+4.55000E-06,+15.22613077244E+00,+7.53768836E-03
+4.60000E-06,+15.27638202906E+00,+7.53768836E-03
+4.65000E-06,+15.67839208245E+00,+4.02010046E-03
+4.70000E-06,+15.67839208245E+00,+4.02010046E-03
+4.75000E-06,+15.67839208245E+00,+0.0E+00
+4.80000E-06,+15.67839208245E+00,+0.0E+00
+4.85000E-06,+15.67839208245E+00,-8.04020092E-03
+4.90000E-06,+15.67839208245E+00,+3.51758790E-03
+4.95000E-06,+15.27638202906E+00,+8.04020092E-03
+5.00000E-06,+15.27638202906E+00,-20.10050230E-03
+5.05000E-06,+15.27638202906E+00,-8.04020092E-03
+5.10000E-06,+14.87437197566E+00,-4.02010046E-03
+5.15000E-06,+14.87437197566E+00,+0.0E+00
+5.20000E-06,+14.87437197566E+00,-12.06030138E-03
+5.25000E-06,+14.47236192226E+00,-24.12060276E-03
+5.30000E-06,+14.12060312548E+00,-8.04020092E-03
+5.35000E-06,+14.07035186887E+00,-8.04020092E-03
+5.40000E-06,+13.71859307208E+00,-12.06030138E-03
+5.45000E-06,+13.31658301869E+00,-15.57788928E-03
+5.50000E-06,+13.26633176208E+00,-16.08040184E-03
+5.55000E-06,+13.26633176208E+00,-12.06030138E-03
+5.60000E-06,+12.51256291189E+00,-20.10050230E-03
+5.65000E-06,+12.81407045207E+00,-16.08040184E-03
+5.70000E-06,+12.46231165528E+00,-12.06030138E-03
+5.75000E-06,+12.06030160189E+00,-16.08040184E-03
+5.80000E-06,+12.06030160189E+00,-19.59798974E-03
+5.85000E-06,+12.01005034528E+00,-16.58291439E-03
+5.90000E-06,+11.30653275171E+00,-16.08040184E-03
+5.95000E-06,+11.65829154849E+00,-16.08040184E-03
+6.00000E-06,+11.25628149509E+00,-16.08040184E-03
+6.05000E-06,+11.25628149509E+00,-16.08040184E-03
+6.10000E-06,+11.25628149509E+00,-16.08040184E-03
+6.15000E-06,+10.85427144170E+00,-16.08040184E-03
+6.20000E-06,+10.80402018509E+00,-12.06030138E-03
+6.25000E-06,+10.85427144170E+00,-12.56281394E-03
+6.30000E-06,+10.85427144170E+00,-16.08040184E-03
+6.35000E-06,+10.85427144170E+00,-16.08040184E-03
+6.40000E-06,+10.45226138830E+00,-12.06030138E-03
+6.45000E-06,+10.45226138830E+00,-12.06030138E-03
+6.50000E-06,+10.05025133491E+00,-12.06030138E-03
+6.55000E-06,+10.05025133491E+00,-12.06030138E-03
+6.60000E-06,+10.45226138830E+00,-12.06030138E-03
+6.65000E-06,+10.05025133491E+00,-8.04020092E-03
+6.70000E-06,+10.05025133491E+00,-12.06030138E-03
+6.75000E-06,+10.05025133491E+00,-8.04020092E-03
+6.80000E-06,+10.40201013169E+00,-12.06030138E-03
+6.85000E-06,+10.45226138830E+00,-8.04020092E-03
+6.90000E-06,+10.45226138830E+00,-8.04020092E-03
+6.95000E-06,+10.45226138830E+00,-8.04020092E-03
+7.00000E-06,+10.45226138830E+00,-4.02010046E-03
+7.05000E-06,+10.45226138830E+00,-7.53768836E-03
+7.10000E-06,+10.45226138830E+00,-4.02010046E-03
+7.15000E-06,+10.45226138830E+00,-4.02010046E-03
+7.20000E-06,+10.45226138830E+00,-4.02010046E-03
+7.25000E-06,+10.45226138830E+00,-4.02010046E-03
+7.30000E-06,+10.90452269831E+00,+0.0E+00
+7.35000E-06,+10.85427144170E+00,-4.02010046E-03
+7.40000E-06,+10.85427144170E+00,-4.02010046E-03
+7.45000E-06,+10.85427144170E+00,-502.51256E-06
+7.50000E-06,+10.90452269831E+00,+0.0E+00
+7.55000E-06,+11.65829154849E+00,-502.51256E-06
+7.60000E-06,+11.65829154849E+00,+0.0E+00
+7.65000E-06,+11.25628149509E+00,+0.0E+00
+7.70000E-06,+11.65829154849E+00,+0.0E+00
+7.75000E-06,+12.01005034528E+00,+0.0E+00
+7.80000E-06,+12.01005034528E+00,+0.0E+00
+7.85000E-06,+12.01005034528E+00,+0.0E+00
+7.90000E-06,+12.01005034528E+00,+0.0E+00
+7.95000E-06,+12.06030160189E+00,-502.51256E-06
+8.00000E-06,+12.01005034528E+00,+0.0E+00
+8.05000E-06,+12.46231165528E+00,+0.0E+00
+8.10000E-06,+12.41206039867E+00,+0.0E+00
+8.15000E-06,+12.46231165528E+00,+3.51758790E-03
+8.20000E-06,+12.46231165528E+00,-3.51758790E-03
+8.25000E-06,+12.46231165528E+00,+0.0E+00
+8.30000E-06,+12.46231165528E+00,+0.0E+00
+8.35000E-06,+12.81407045207E+00,+0.0E+00
+8.40000E-06,+12.86432170868E+00,-4.02010046E-03
+8.45000E-06,+12.86432170868E+00,+0.0E+00
+8.50000E-06,+12.86432170868E+00,-4.02010046E-03
+8.55000E-06,+12.46231165528E+00,-502.51256E-06
+8.60000E-06,+12.86432170868E+00,-4.02010046E-03
+8.65000E-06,+12.51256291189E+00,-4.02010046E-03
+8.70000E-06,+12.86432170868E+00,-4.02010046E-03
+8.75000E-06,+12.86432170868E+00,-4.02010046E-03
+8.80000E-06,+12.86432170868E+00,-4.02010046E-03
+8.85000E-06,+12.91457296529E+00,-4.02010046E-03
+8.90000E-06,+12.86432170868E+00,-4.02010046E-03
+8.95000E-06,+12.86432170868E+00,-4.02010046E-03
+9.00000E-06,+12.86432170868E+00,-4.02010046E-03
+9.05000E-06,+12.86432170868E+00,-4.02010046E-03
+9.10000E-06,+12.51256291189E+00,-8.04020092E-03
+9.15000E-06,+12.86432170868E+00,-8.04020092E-03
+9.20000E-06,+12.86432170868E+00,-11.55778882E-03
+9.25000E-06,+12.86432170868E+00,-4.52261302E-03
+9.30000E-06,+12.81407045207E+00,-8.04020092E-03
+9.35000E-06,+12.46231165528E+00,-4.52261302E-03
+9.40000E-06,+12.46231165528E+00,-8.04020092E-03
+9.45000E-06,+12.41206039867E+00,-8.04020092E-03
+9.50000E-06,+12.46231165528E+00,-12.06030138E-03
+9.55000E-06,+12.46231165528E+00,-8.04020092E-03
+9.60000E-06,+12.46231165528E+00,-8.04020092E-03
+9.65000E-06,+12.06030160189E+00,-4.02010046E-03
+9.70000E-06,+12.06030160189E+00,-8.04020092E-03
+9.75000E-06,+12.06030160189E+00,-8.04020092E-03
+9.80000E-06,+12.06030160189E+00,-4.02010046E-03
+9.85000E-06,+12.11055285850E+00,-8.04020092E-03
+9.90000E-06,+12.06030160189E+00,-4.02010046E-03
+9.95000E-06,+12.06030160189E+00,-8.04020092E-03
+10.00000E-06,+11.70854280510E+00,-8.04020092E-03
+10.05000E-06,+11.65829154849E+00,-8.04020092E-03
+10.10000E-06,+11.65829154849E+00,-8.54271348E-03
+10.15000E-06,+11.65829154849E+00,-4.02010046E-03
+10.20000E-06,+11.65829154849E+00,-4.52261302E-03
+10.25000E-06,+11.65829154849E+00,-8.04020092E-03
+10.30000E-06,+11.65829154849E+00,-4.02010046E-03
+10.35000E-06,+11.65829154849E+00,-8.04020092E-03
+10.40000E-06,+12.06030160189E+00,-8.04020092E-03
+10.45000E-06,+11.65829154849E+00,-8.04020092E-03
+10.50000E-06,+12.06030160189E+00,-4.02010046E-03
+10.55000E-06,+12.01005034527E+00,-8.04020092E-03
+10.60000E-06,+12.06030160189E+00,-8.04020092E-03
+10.65000E-06,+12.06030160189E+00,-20.10050230E-03
+10.70000E-06,+10.50251264492E+00,-40.20100459E-03
+10.75000E-06,+9.64824128151E+00,-36.18090414E-03
+10.80000E-06,+8.44221112132E+00,-32.16080368E-03
+10.85000E-06,+7.28643221775E+00,-24.62311531E-03
+10.90000E-06,+6.48241211095E+00,-32.16080368E-03
+10.95000E-06,+6.03015080094E+00,-36.18090414E-03
+11.00000E-06,+5.22613069415E+00,-16.08040184E-03
+11.05000E-06,+4.82412064075E+00,-12.06030138E-03
+11.10000E-06,+4.77386938414E+00,-20.10050230E-03
+11.15000E-06,+4.02010053396E+00,-24.12060276E-03
+11.20000E-06,+3.61809048057E+00,-16.08040184E-03
+11.25000E-06,+3.21608042717E+00,-3.51758790E-03
+11.30000E-06,+3.21608042717E+00,-8.54271348E-03
+11.35000E-06,+2.81407037377E+00,-19.59798974E-03
+11.40000E-06,+2.41206032038E+00,-16.08040184E-03
+11.45000E-06,+2.41206032038E+00,-16.08040184E-03
+11.50000E-06,+2.36180906376E+00,-12.06030138E-03
+11.55000E-06,+1.65829147020E+00,-12.06030138E-03
+11.60000E-06,+1.25628141680E+00,-8.04020092E-03
+11.65000E-06,+1.20603016019E+00,-8.04020092E-03
+11.70000E-06,+1.15577890357E+00,-7.53768836E-03
+11.75000E-06,+1.15577890357E+00,+0.0E+00
+11.80000E-06,+804.02010679E-03,+0.0E+00
+11.85000E-06,+753.76885018E-03,+502.51256E-06
+11.90000E-06,+402.01005340E-03,+0.0E+00
+11.95000E-06,+402.01005340E-03,+0.0E+00
+12.00000E-06,+402.01005340E-03,+4.02010046E-03
+12.05000E-06,+402.01005340E-03,+4.02010046E-03
+12.10000E-06,+0.0E+00,+8.04020092E-03
+12.15000E-06,+402.01005340E-03,+8.04020092E-03
+12.20000E-06,+402.01005340E-03,+8.54271348E-03
+12.25000E-06,+351.75879678E-03,+12.06030138E-03
+12.30000E-06,+402.01005340E-03,+16.08040184E-03
+12.35000E-06,+0.0E+00,+16.08040184E-03
+12.40000E-06,+402.01005340E-03,+16.08040184E-03
+12.45000E-06,+402.01005340E-03,+16.08040184E-03
+12.50000E-06,+351.75879678E-03,+19.59798974E-03
+12.55000E-06,+402.01005340E-03,+16.58291439E-03
+12.60000E-06,+402.01005340E-03,+20.10050230E-03
+12.65000E-06,+351.75879678E-03,+20.10050230E-03
+12.70000E-06,+402.01005340E-03,+20.10050230E-03
+12.75000E-06,+402.01005340E-03,+24.12060276E-03
+12.80000E-06,+402.01005340E-03,+24.12060276E-03
+12.85000E-06,+351.75879678E-03,+28.14070322E-03
+12.90000E-06,+402.01005340E-03,+28.14070322E-03
+12.95000E-06,+402.01005340E-03,+28.14070322E-03
+13.00000E-06,+402.01005340E-03,+28.14070322E-03
+13.05000E-06,+50.25125662E-03,+28.14070322E-03
+13.10000E-06,+402.01005340E-03,+31.65829112E-03
+13.15000E-06,+402.01005340E-03,+28.14070322E-03
+13.20000E-06,+402.01005340E-03,+32.16080368E-03
+13.25000E-06,+0.0E+00,+32.16080368E-03
+13.30000E-06,+402.01005340E-03,+32.16080368E-03
+13.35000E-06,+0.0E+00,+32.16080368E-03
+13.40000E-06,+351.75879678E-03,+36.18090414E-03
+13.45000E-06,+351.75879678E-03,+36.18090414E-03
+13.50000E-06,+351.75879678E-03,+36.18090414E-03
+13.55000E-06,+351.75879678E-03,+36.68341669E-03
+13.60000E-06,+402.01005340E-03,+36.18090414E-03
+13.65000E-06,+402.01005340E-03,+40.20100459E-03
+13.70000E-06,+402.01005340E-03,+36.68341669E-03
+13.75000E-06,+351.75879678E-03,+40.20100459E-03
+13.80000E-06,+351.75879678E-03,+43.71859250E-03
+13.85000E-06,+402.01005340E-03,+40.20100459E-03
+13.90000E-06,+0.0E+00,+40.20100459E-03
+13.95000E-06,+402.01005340E-03,+44.22110505E-03
+14.00000E-06,+0.0E+00,+44.22110505E-03
+14.05000E-06,+50.25125662E-03,+44.22110505E-03
+14.10000E-06,+0.0E+00,+44.22110505E-03
+14.15000E-06,+50.25125662E-03,+44.72361761E-03
+14.20000E-06,+402.01005340E-03,+47.73869296E-03
+14.25000E-06,+0.0E+00,+48.24120551E-03
+14.30000E-06,+0.0E+00,+48.24120551E-03
+14.35000E-06,+50.25125662E-03,+48.74371807E-03
+14.40000E-06,+402.01005340E-03,+48.24120551E-03
+14.45000E-06,+0.0E+00,+48.24120551E-03
+14.50000E-06,+402.01005340E-03,+48.74371807E-03
+14.55000E-06,+351.75879677E-03,+52.26130597E-03
+14.60000E-06,+402.01005340E-03,+52.26130597E-03
+14.65000E-06,+402.01005340E-03,+56.28140643E-03
+14.70000E-06,+0.0E+00,+56.28140643E-03
+14.75000E-06,+351.75879677E-03,+56.28140643E-03
+14.80000E-06,+402.01005340E-03,+56.28140643E-03
+14.85000E-06,+351.75879677E-03,+56.28140643E-03
+14.90000E-06,+402.01005340E-03,+55.77889388E-03
+14.95000E-06,+0.0E+00,+60.30150689E-03
+15.00000E-06,+0.0E+00,+60.30150689E-03
+15.05000E-06,+402.01005340E-03,+64.32160735E-03
+15.10000E-06,+402.01005340E-03,+60.30150689E-03
+15.15000E-06,+0.0E+00,+64.32160735E-03
+15.20000E-06,+50.25125662E-03,+60.30150689E-03
+15.25000E-06,+50.25125662E-03,+63.81909479E-03
+15.30000E-06,+402.01005340E-03,+64.32160735E-03
+15.35000E-06,+402.01005340E-03,+64.32160735E-03
+15.40000E-06,+402.01005340E-03,+67.83919525E-03
+15.45000E-06,+402.01005340E-03,+68.34170781E-03
+15.50000E-06,+402.01005340E-03,+68.34170781E-03
+15.55000E-06,+0.0E+00,+68.34170781E-03
+15.60000E-06,+402.01005340E-03,+68.34170781E-03
+15.65000E-06,+0.0E+00,+71.85929571E-03
+15.70000E-06,+0.0E+00,+72.36180827E-03
+15.75000E-06,+351.75879678E-03,+71.85929571E-03
+15.80000E-06,+0.0E+00,+72.86432083E-03
+15.85000E-06,+50.25125662E-03,+72.36180827E-03
+15.90000E-06,+402.01005340E-03,+72.36180827E-03
+15.95000E-06,+0.0E+00,+76.38190873E-03
+16.00000E-06,+402.01005340E-03,+76.88442129E-03
+16.05000E-06,+0.0E+00,+76.38190873E-03
+16.10000E-06,+50.25125662E-03,+76.38190873E-03
+16.15000E-06,+0.0E+00,+76.38190873E-03
+16.20000E-06,+351.75879678E-03,+80.40200919E-03
+16.25000E-06,+402.01005340E-03,+80.40200919E-03
+16.30000E-06,+0.0E+00,+83.91959709E-03
+16.35000E-06,+0.0E+00,+84.42210965E-03
+16.40000E-06,+0.0E+00,+83.91959709E-03
+16.45000E-06,+402.01005340E-03,+84.42210965E-03
+16.50000E-06,+0.0E+00,+84.42210965E-03
+16.55000E-06,+351.75879678E-03,+84.42210965E-03
+16.60000E-06,+0.0E+00,+88.44221011E-03
+16.65000E-06,+50.25125662E-03,+88.44221011E-03
+16.70000E-06,+402.01005340E-03,+88.44221011E-03
+16.75000E-06,+402.01005340E-03,+88.44221011E-03
+16.80000E-06,+0.0E+00,+88.44221011E-03
+16.85000E-06,+0.0E+00,+88.44221011E-03
+16.90000E-06,+0.0E+00,+91.95979801E-03
+16.95000E-06,+0.0E+00,+92.46231057E-03
+17.00000E-06,+402.01005340E-03,+92.46231057E-03
+17.05000E-06,+0.0E+00,+92.46231057E-03
+17.10000E-06,+0.0E+00,+92.96482312E-03
+17.15000E-06,+50.25125661E-03,+96.48241103E-03
+17.20000E-06,+351.75879678E-03,+95.97989847E-03
+17.25000E-06,+0.0E+00,+100.50251149E-03
+17.30000E-06,+50.25125661E-03,+96.48241103E-03
+17.35000E-06,+0.0E+00,+99.99999893E-03
+17.40000E-06,+0.0E+00,+100.50251149E-03
+17.45000E-06,+402.01005340E-03,+100.50251149E-03
+17.50000E-06,+351.75879678E-03,+101.00502404E-03
+17.55000E-06,+0.0E+00,+104.52261195E-03
+17.60000E-06,+0.0E+00,+100.50251149E-03
+17.65000E-06,+402.01005340E-03,+108.54271241E-03
+17.70000E-06,+0.0E+00,+104.52261195E-03
+17.75000E-06,+0.0E+00,+105.02512450E-03
+17.80000E-06,+0.0E+00,+104.52261195E-03
+17.85000E-06,+0.0E+00,+108.54271241E-03
+17.90000E-06,+351.75879679E-03,+112.56281286E-03
+17.95000E-06,+50.25125661E-03,+108.04019985E-03
+18.00000E-06,+351.75879679E-03,+108.54271241E-03
+18.05000E-06,+402.01005340E-03,+108.54271241E-03
+18.10000E-06,+0.0E+00,+112.56281286E-03
+18.15000E-06,+402.01005340E-03,+112.56281286E-03
+18.20000E-06,+0.0E+00,+112.56281286E-03
+18.25000E-06,+0.0E+00,+112.56281286E-03
+18.30000E-06,+0.0E+00,+113.06532542E-03
+18.35000E-06,+0.0E+00,+112.56281286E-03
+18.40000E-06,+402.01005340E-03,+113.06532542E-03
+18.45000E-06,+402.01005340E-03,+116.58291332E-03
+18.50000E-06,+0.0E+00,+116.08040077E-03
+18.55000E-06,+351.75879679E-03,+116.58291332E-03
+18.60000E-06,+351.75879679E-03,+117.08542588E-03
+18.65000E-06,+351.75879679E-03,+116.58291332E-03
+18.70000E-06,+0.0E+00,+120.10050123E-03
+18.75000E-06,+351.75879679E-03,+120.60301378E-03
+18.80000E-06,+50.25125661E-03,+120.60301378E-03
+18.85000E-06,+402.01005340E-03,+120.60301378E-03
+18.90000E-06,+50.25125661E-03,+124.62311424E-03
+18.95000E-06,+0.0E+00,+120.60301378E-03
+19.00000E-06,+0.0E+00,+124.62311424E-03
+19.05000E-06,+50.25125660E-03,+124.62311424E-03
+19.10000E-06,+0.0E+00,+128.64321470E-03
+19.15000E-06,+0.0E+00,+128.64321470E-03
+19.20000E-06,+0.0E+00,+129.14572726E-03
+19.25000E-06,+0.0E+00,+132.66331516E-03
+19.30000E-06,+50.25125660E-03,+132.16080261E-03
+19.35000E-06,+402.01005340E-03,+128.64321470E-03
+19.40000E-06,+402.01005340E-03,+132.66331516E-03
+19.45000E-06,+402.01005340E-03,+132.66331516E-03
+19.50000E-06,+402.01005340E-03,+136.18090306E-03
+19.55000E-06,+402.01005340E-03,+132.66331516E-03
+19.60000E-06,+0.0E+00,+136.18090306E-03
+19.65000E-06,+0.0E+00,+136.68341562E-03
+19.70000E-06,+50.25125660E-03,+140.20100352E-03
+19.75000E-06,+0.0E+00,+136.68341562E-03
+19.80000E-06,+0.0E+00,+140.70351608E-03
+19.85000E-06,+0.0E+00,+140.70351608E-03
+19.90000E-06,+0.0E+00,+140.70351608E-03
+19.95000E-06,+351.75879680E-03,+140.70351608E-03
+20.00000E-06,+0.0E+00,+140.70351608E-03
+20.05000E-06,+402.01005340E-03,+140.70351608E-03
+20.10000E-06,+0.0E+00,+144.22110398E-03
+20.15000E-06,+0.0E+00,+144.72361654E-03
+20.20000E-06,+0.0E+00,+144.72361654E-03
+20.25000E-06,+0.0E+00,+144.72361654E-03
+20.30000E-06,+0.0E+00,+144.72361654E-03
+20.35000E-06,+0.0E+00,+148.74371700E-03
+20.40000E-06,+0.0E+00,+148.74371700E-03
+20.45000E-06,+351.75879680E-03,+148.74371700E-03
+20.50000E-06,+0.0E+00,+148.74371700E-03
+20.55000E-06,+402.01005340E-03,+148.74371700E-03
+20.60000E-06,+0.0E+00,+152.76381746E-03
+20.65000E-06,+402.01005340E-03,+152.26130490E-03
+20.70000E-06,+402.01005340E-03,+152.76381746E-03
+20.75000E-06,+50.25125660E-03,+152.76381746E-03
+20.80000E-06,+0.0E+00,+152.76381746E-03
+20.85000E-06,+402.01005340E-03,+156.78391792E-03
+20.90000E-06,+402.01005340E-03,+156.78391792E-03
+20.95000E-06,+0.0E+00,+156.78391792E-03
+21.00000E-06,+0.0E+00,+156.78391792E-03
+21.05000E-06,+351.75879680E-03,+156.78391792E-03
+21.10000E-06,+50.25125659E-03,+160.80401838E-03
+21.15000E-06,+402.01005340E-03,+160.80401838E-03
+21.20000E-06,+0.0E+00,+160.80401838E-03
+21.25000E-06,+0.0E+00,+160.80401838E-03
+21.30000E-06,+0.0E+00,+160.80401838E-03
+21.35000E-06,+0.0E+00,+164.82411884E-03
+21.40000E-06,+0.0E+00,+160.80401838E-03
+21.45000E-06,+0.0E+00,+164.82411884E-03
+21.50000E-06,+0.0E+00,+168.84421930E-03
+21.55000E-06,+351.75879680E-03,+164.82411884E-03
+21.60000E-06,+402.01005340E-03,+164.82411884E-03
+21.65000E-06,+351.75879681E-03,+165.32663139E-03
+21.70000E-06,+351.75879681E-03,+172.36180720E-03
+21.75000E-06,+351.75879681E-03,+168.84421930E-03
+21.80000E-06,+0.0E+00,+169.34673185E-03
+21.85000E-06,+0.0E+00,+172.86431976E-03
+21.90000E-06,+0.0E+00,+172.86431976E-03
+21.95000E-06,+0.0E+00,+172.86431976E-03
+22.00000E-06,+0.0E+00,+172.86431976E-03
+22.05000E-06,+0.0E+00,+172.86431976E-03
+22.10000E-06,+50.25125659E-03,+172.86431976E-03
+22.15000E-06,+402.01005340E-03,+180.90452068E-03
+22.20000E-06,+402.01005340E-03,+176.88442022E-03
+22.25000E-06,+0.0E+00,+176.88442022E-03
+22.30000E-06,+0.0E+00,+176.88442022E-03
+22.35000E-06,+351.75879681E-03,+176.88442022E-03
+22.40000E-06,+0.0E+00,+177.38693277E-03
+22.45000E-06,+402.01005340E-03,+180.90452068E-03
+22.50000E-06,+0.0E+00,+180.90452068E-03
+22.55000E-06,+402.01005340E-03,+181.40703323E-03
+22.60000E-06,+0.0E+00,+184.42210858E-03
+22.65000E-06,+351.75879681E-03,+184.42210858E-03
+22.70000E-06,+50.25125659E-03,+184.92462113E-03
+22.75000E-06,+0.0E+00,+181.40703323E-03
+22.80000E-06,+0.0E+00,+184.92462113E-03
+22.85000E-06,+402.01005340E-03,+184.92462113E-03
+22.90000E-06,+0.0E+00,+188.94472159E-03
+22.95000E-06,+402.01005340E-03,+188.94472159E-03
+23.00000E-06,+351.75879681E-03,+188.94472159E-03
+23.05000E-06,+0.0E+00,+192.96482205E-03
+23.10000E-06,+50.25125658E-03,+192.46230950E-03
+23.15000E-06,+0.0E+00,+189.44723415E-03
+23.20000E-06,+0.0E+00,+192.96482205E-03
+23.25000E-06,+0.0E+00,+192.46230950E-03
+23.30000E-06,+0.0E+00,+192.96482205E-03
+23.35000E-06,+0.0E+00,+192.96482205E-03
+23.40000E-06,+50.25125658E-03,+192.96482205E-03
+23.45000E-06,+0.0E+00,+196.98492251E-03
+23.50000E-06,+0.0E+00,+196.98492251E-03
+23.55000E-06,+0.0E+00,+196.48240996E-03
+23.60000E-06,+402.01005340E-03,+196.98492251E-03
+23.65000E-06,+0.0E+00,+201.00502297E-03
+23.70000E-06,+0.0E+00,+196.98492251E-03
+23.75000E-06,+402.01005340E-03,+201.00502297E-03
+23.80000E-06,+0.0E+00,+201.00502297E-03
+23.85000E-06,+0.0E+00,+201.00502297E-03
+23.90000E-06,+0.0E+00,+205.02512343E-03
+23.95000E-06,+402.01005340E-03,+205.02512343E-03
+24.00000E-06,+0.0E+00,+205.02512343E-03
+24.05000E-06,+0.0E+00,+205.02512343E-03
+24.10000E-06,+0.0E+00,+205.02512343E-03
+24.15000E-06,+0.0E+00,+205.02512343E-03
+24.20000E-06,+0.0E+00,+208.54271134E-03
+24.25000E-06,+402.01005340E-03,+209.04522389E-03
+24.30000E-06,+402.01005340E-03,+209.04522389E-03
+24.35000E-06,+351.75879682E-03,+209.04522389E-03
+24.40000E-06,+402.01005340E-03,+209.04522389E-03
+24.45000E-06,+0.0E+00,+209.04522389E-03
+24.50000E-06,+50.25125658E-03,+213.06532435E-03
+24.55000E-06,+0.0E+00,+216.58291225E-03
+24.60000E-06,+402.01005340E-03,+213.56783691E-03
+24.65000E-06,+351.75879682E-03,+213.06532435E-03
+24.70000E-06,+402.01005340E-03,+217.08542481E-03
+24.75000E-06,+402.01005340E-03,+217.08542481E-03
+24.80000E-06,+0.0E+00,+221.10552527E-03
+24.85000E-06,+0.0E+00,+209.54773645E-03
+24.90000E-06,+0.0E+00,+220.60301271E-03
+24.95000E-06,+0.0E+00,+241.20602757E-03
+25.00000E-06,+402.01005340E-03,+209.04522389E-03
+25.05000E-06,+402.01005340E-03,+209.04522389E-03
+25.10000E-06,-351.75879682E-03,+225.12562573E-03
+25.15000E-06,+0.0E+00,+236.68341455E-03
+25.20000E-06,+0.0E+00,+229.64823875E-03
+25.25000E-06,+50.25125657E-03,+209.04522389E-03
+25.30000E-06,+0.0E+00,+221.10552527E-03
+25.35000E-06,+0.0E+00,+229.14572619E-03
+25.40000E-06,+50.25125657E-03,+229.14572619E-03
+25.45000E-06,+0.0E+00,+229.14572619E-03
+25.50000E-06,+0.0E+00,+225.12562573E-03
+25.55000E-06,+0.0E+00,+229.64823875E-03
+25.60000E-06,+0.0E+00,+225.12562573E-03
+25.65000E-06,+0.0E+00,+233.16582665E-03
+25.70000E-06,+0.0E+00,+236.68341455E-03
+25.75000E-06,+0.0E+00,+233.66833920E-03
+25.80000E-06,+0.0E+00,+229.64823875E-03
+25.85000E-06,+402.01005340E-03,+229.14572619E-03
+25.90000E-06,+402.01005340E-03,+237.18592711E-03
+25.95000E-06,+0.0E+00,+233.16582665E-03
+26.00000E-06,+402.01005340E-03,+237.18592711E-03
+26.05000E-06,+50.25125657E-03,+240.70351501E-03
+26.10000E-06,+50.25125657E-03,+237.18592711E-03
+26.15000E-06,+0.0E+00,+237.18592711E-03
+26.20000E-06,+0.0E+00,+241.20602757E-03
+26.25000E-06,+351.75879683E-03,+241.20602757E-03
+26.30000E-06,+402.01005340E-03,+241.20602757E-03
+26.35000E-06,+0.0E+00,+237.68843966E-03
+26.40000E-06,+0.0E+00,+237.18592711E-03
+26.45000E-06,+402.01005340E-03,+244.72361547E-03
+26.50000E-06,+0.0E+00,+241.70854012E-03
+26.55000E-06,+0.0E+00,+244.72361547E-03
+26.60000E-06,+351.75879683E-03,+245.22612803E-03
+26.65000E-06,+0.0E+00,+245.22612803E-03
+26.70000E-06,+0.0E+00,+245.22612803E-03
+26.75000E-06,+402.01005340E-03,+249.24622849E-03
+26.80000E-06,+0.0E+00,+249.24622849E-03
+26.85000E-06,+351.75879683E-03,+245.22612803E-03
+26.90000E-06,+50.25125657E-03,+249.24622849E-03
+26.95000E-06,+0.0E+00,+253.26632895E-03
+27.00000E-06,+0.0E+00,+249.24622849E-03
+27.05000E-06,+0.0E+00,+253.26632895E-03
+27.10000E-06,+0.0E+00,+253.26632895E-03
+27.15000E-06,+0.0E+00,+257.28642941E-03
+27.20000E-06,+50.25125656E-03,+253.76884150E-03
+27.25000E-06,+0.0E+00,+257.28642941E-03
+27.30000E-06,+0.0E+00,+261.30652986E-03
+27.35000E-06,+402.01005340E-03,+253.26632895E-03
+27.40000E-06,+0.0E+00,+261.30652986E-03
+27.45000E-06,+0.0E+00,+257.28642941E-03
+27.50000E-06,+0.0E+00,+261.30652986E-03
+27.55000E-06,+402.01005340E-03,+261.30652986E-03
+27.60000E-06,+0.0E+00,+261.30652986E-03
+27.65000E-06,+0.0E+00,+257.78894196E-03
+27.70000E-06,+50.25125656E-03,+261.30652986E-03
+27.75000E-06,+0.0E+00,+265.32663032E-03
+27.80000E-06,+0.0E+00,+261.80904242E-03
+27.85000E-06,+0.0E+00,+265.32663032E-03
+27.90000E-06,+0.0E+00,+264.82411777E-03
+27.95000E-06,+402.01005340E-03,+265.32663032E-03
+28.00000E-06,+0.0E+00,+265.32663032E-03
+28.05000E-06,+0.0E+00,+265.82914288E-03
+28.10000E-06,+50.25125656E-03,+269.34673078E-03
+28.15000E-06,+351.75879684E-03,+268.84421823E-03
+28.20000E-06,+0.0E+00,+269.34673078E-03
+28.25000E-06,+0.0E+00,+273.36683124E-03
+28.30000E-06,+402.01005340E-03,+273.36683124E-03
+28.35000E-06,+402.01005340E-03,+269.34673078E-03
+28.40000E-06,+50.25125656E-03,+273.36683124E-03
+28.45000E-06,+402.01005340E-03,+273.86934380E-03
+28.50000E-06,+402.01005340E-03,+273.36683124E-03
+28.55000E-06,+0.0E+00,+276.88441915E-03
+28.60000E-06,+0.0E+00,+277.38693170E-03
+28.65000E-06,+0.0E+00,+273.86934380E-03
+28.70000E-06,+351.75879684E-03,+273.86934380E-03
+28.75000E-06,+402.01005340E-03,+277.38693170E-03
+28.80000E-06,+402.01005340E-03,+281.40703216E-03
+28.85000E-06,+0.0E+00,+277.88944426E-03
+28.90000E-06,+0.0E+00,+277.38693170E-03
+28.95000E-06,+0.0E+00,+281.40703216E-03
+29.00000E-06,+402.01005340E-03,+285.42713262E-03
+29.05000E-06,+0.0E+00,+284.92462007E-03
+29.10000E-06,+0.0E+00,+280.90451961E-03
+29.15000E-06,+0.0E+00,+281.40703216E-03
+29.20000E-06,+0.0E+00,+289.44723308E-03
+29.25000E-06,+0.0E+00,+285.92964518E-03
+29.30000E-06,+402.01005340E-03,+281.40703216E-03
+29.35000E-06,+0.0E+00,+289.44723308E-03
+29.40000E-06,+351.75879684E-03,+289.94974564E-03
+29.45000E-06,+402.01005340E-03,+289.94974564E-03
+29.50000E-06,+50.25125655E-03,+288.94472052E-03
+29.55000E-06,+0.0E+00,+293.46733354E-03
+29.60000E-06,+0.0E+00,+293.46733354E-03
+29.65000E-06,+1.15577890364E+00,+333.66833813E-03
+29.70000E-06,+3.21608042717E+00,+365.32662925E-03
+29.75000E-06,+7.63819101453E+00,+501.50753232E-03
+29.80000E-06,+22.06030168024E+00,+499.49748209E-03
+29.85000E-06,+22.11055293679E+00,+278.39195681E-03
+29.90000E-06,+21.30653283000E+00,+280.90451961E-03
+29.95000E-06,+21.30653283000E+00,+281.40703216E-03
+30.00000E-06,+20.90452277660E+00,+333.66833813E-03
+30.05000E-06,+21.25628157345E+00,+321.60803676E-03
+30.10000E-06,+20.90452277660E+00,+289.44723308E-03
+30.15000E-06,+20.90452277660E+00,+305.52763492E-03
+30.20000E-06,+21.30653283000E+00,+281.90954472E-03
+30.25000E-06,+20.90452277660E+00,+293.46733354E-03
+30.30000E-06,+20.90452277660E+00,+301.00502190E-03
+30.35000E-06,+21.25628157345E+00,+301.50753446E-03
+30.40000E-06,+20.90452277660E+00,+305.52763492E-03
+30.45000E-06,+20.90452277660E+00,+337.18592604E-03
+30.50000E-06,+20.90452277660E+00,+325.62813722E-03
+30.55000E-06,+21.30653283000E+00,+285.42713262E-03
+30.60000E-06,+20.90452277660E+00,+273.36683124E-03
+30.65000E-06,+20.90452277660E+00,+277.38693170E-03
+30.70000E-06,+20.90452277660E+00,+273.86934380E-03
+30.75000E-06,+21.25628157345E+00,+269.34673078E-03
+30.80000E-06,+20.90452277660E+00,+277.38693170E-03
+30.85000E-06,+21.30653283000E+00,+281.40703216E-03
+30.90000E-06,+21.30653283000E+00,+277.38693170E-03
+30.95000E-06,+20.95477403315E+00,+277.38693170E-03
+31.00000E-06,+20.90452277660E+00,+292.96482098E-03
+31.05000E-06,+21.30653283000E+00,+277.88944426E-03
+31.10000E-06,+21.25628157345E+00,+269.34673078E-03
+31.15000E-06,+20.90452277660E+00,+273.36683124E-03
+31.20000E-06,+20.90452277660E+00,+268.84421823E-03
+31.25000E-06,+21.30653283000E+00,+269.34673078E-03
+31.30000E-06,+21.30653283000E+00,+257.78894196E-03
+31.35000E-06,+21.30653283000E+00,+249.24622849E-03
+31.40000E-06,+20.90452277660E+00,+261.30652986E-03
+31.45000E-06,+20.90452277660E+00,+273.36683124E-03
+31.50000E-06,+20.95477403315E+00,+273.36683124E-03
+31.55000E-06,+20.95477403315E+00,+273.36683124E-03
+31.60000E-06,+20.90452277660E+00,+268.84421823E-03
+31.65000E-06,+20.90452277660E+00,+261.30652986E-03
+31.70000E-06,+20.95477403315E+00,+257.28642941E-03
+31.75000E-06,+21.30653283000E+00,+252.76381639E-03
+31.80000E-06,+20.90452277660E+00,+257.28642941E-03
+31.85000E-06,+21.25628157346E+00,+257.78894196E-03
+31.90000E-06,+20.90452277660E+00,+257.28642941E-03
+31.95000E-06,+21.30653283000E+00,+256.78391685E-03
+32.00000E-06,+21.30653283000E+00,+253.26632895E-03
+32.05000E-06,+20.95477403314E+00,+257.28642941E-03
+32.10000E-06,+20.90452277660E+00,+261.30652986E-03
+32.15000E-06,+20.90452277660E+00,+260.80401731E-03
+32.20000E-06,+20.90452277660E+00,+257.28642941E-03
+32.25000E-06,+20.90452277660E+00,+253.26632895E-03
+32.30000E-06,+21.30653283000E+00,+245.72864058E-03
+32.35000E-06,+21.30653283000E+00,+245.22612803E-03
+32.40000E-06,+20.95477403314E+00,+249.24622849E-03
+32.45000E-06,+21.30653283000E+00,+249.24622849E-03
+32.50000E-06,+20.90452277660E+00,+253.26632895E-03
+32.55000E-06,+20.90452277660E+00,+249.24622849E-03
+32.60000E-06,+20.95477403314E+00,+249.74874104E-03
+32.65000E-06,+21.30653283000E+00,+245.22612803E-03
+32.70000E-06,+21.30653283000E+00,+249.24622849E-03
+32.75000E-06,+20.90452277660E+00,+249.24622849E-03
+32.80000E-06,+21.30653283000E+00,+245.22612803E-03
+32.85000E-06,+20.90452277660E+00,+245.72864058E-03
+32.90000E-06,+21.30653283000E+00,+245.22612803E-03
+32.95000E-06,+21.30653283000E+00,+241.20602757E-03
+33.00000E-06,+21.30653283000E+00,+241.20602757E-03
+33.05000E-06,+21.30653283000E+00,+245.22612803E-03
+33.10000E-06,+21.30653283000E+00,+245.22612803E-03
+33.15000E-06,+20.90452277660E+00,+245.22612803E-03
+33.20000E-06,+20.90452277660E+00,+244.72361547E-03
+33.25000E-06,+20.95477403314E+00,+244.72361547E-03
+33.30000E-06,+20.95477403314E+00,+237.18592711E-03
+33.35000E-06,+20.90452277660E+00,+236.68341455E-03
+33.40000E-06,+21.30653283000E+00,+241.20602757E-03
+33.45000E-06,+21.30653283000E+00,+237.18592711E-03
+33.50000E-06,+21.25628157347E+00,+237.18592711E-03
+33.55000E-06,+20.90452277660E+00,+233.66833920E-03
+33.60000E-06,+20.90452277660E+00,+236.68341455E-03
+33.65000E-06,+21.30653283000E+00,+237.18592711E-03
+33.70000E-06,+21.25628157347E+00,+237.18592711E-03
+33.75000E-06,+21.30653283000E+00,+233.16582665E-03
+33.80000E-06,+21.30653283000E+00,+229.14572619E-03
+33.85000E-06,+20.95477403313E+00,+233.16582665E-03
+33.90000E-06,+21.30653283000E+00,+232.66331409E-03
+33.95000E-06,+20.95477403313E+00,+233.16582665E-03
+34.00000E-06,+20.90452277660E+00,+229.14572619E-03
+34.05000E-06,+21.30653283000E+00,+225.62813829E-03
+34.10000E-06,+21.30653283000E+00,+229.14572619E-03
+34.15000E-06,+21.30653283000E+00,+229.14572619E-03
+34.20000E-06,+21.30653283000E+00,+229.14572619E-03
+34.25000E-06,+21.30653283000E+00,+229.14572619E-03
+34.30000E-06,+21.25628157347E+00,+229.14572619E-03
+34.35000E-06,+21.30653283000E+00,+225.12562573E-03
+34.40000E-06,+21.30653283000E+00,+225.12562573E-03
+34.45000E-06,+21.30653283000E+00,+221.10552527E-03
+34.50000E-06,+21.70854288340E+00,+221.10552527E-03
+34.55000E-06,+21.30653283000E+00,+221.10552527E-03
+34.60000E-06,+21.25628157347E+00,+221.10552527E-03
+34.65000E-06,+21.25628157347E+00,+221.10552527E-03
+34.70000E-06,+21.30653283000E+00,+217.08542481E-03
+34.75000E-06,+20.90452277660E+00,+221.10552527E-03
+34.80000E-06,+21.30653283000E+00,+217.08542481E-03
+34.85000E-06,+21.30653283000E+00,+217.08542481E-03
+34.90000E-06,+21.30653283000E+00,+217.08542481E-03
+34.95000E-06,+21.30653283000E+00,+213.06532435E-03
+35.00000E-06,+20.90452277660E+00,+217.08542481E-03
+35.05000E-06,+20.90452277660E+00,+213.06532435E-03
+35.10000E-06,+21.30653283000E+00,+213.06532435E-03
+35.15000E-06,+20.90452277660E+00,+209.54773645E-03
+35.20000E-06,+21.30653283000E+00,+213.06532435E-03
+35.25000E-06,+21.30653283000E+00,+213.06532435E-03
+35.30000E-06,+21.30653283000E+00,+213.06532435E-03
+35.35000E-06,+20.90452277660E+00,+213.06532435E-03
+35.40000E-06,+21.30653283000E+00,+209.54773645E-03
+35.45000E-06,+21.30653283000E+00,+209.04522389E-03
+35.50000E-06,+21.30653283000E+00,+209.04522389E-03
+35.55000E-06,+21.30653283000E+00,+208.54271134E-03
+35.60000E-06,+21.25628157348E+00,+205.52763599E-03
+35.65000E-06,+21.30653283000E+00,+209.04522389E-03
+35.70000E-06,+20.90452277660E+00,+201.50753553E-03
+35.75000E-06,+21.30653283000E+00,+205.02512343E-03
+35.80000E-06,+21.30653283000E+00,+205.02512343E-03
+35.85000E-06,+21.25628157348E+00,+205.02512343E-03
+35.90000E-06,+21.30653283000E+00,+201.00502297E-03
+35.95000E-06,+21.30653283000E+00,+205.02512343E-03
+36.00000E-06,+20.95477403313E+00,+201.00502297E-03
+36.05000E-06,+21.30653283000E+00,+196.98492251E-03
+36.10000E-06,+21.30653283000E+00,+200.50251042E-03
+36.15000E-06,+20.90452277660E+00,+201.00502297E-03
+36.20000E-06,+20.95477403312E+00,+196.98492251E-03
+36.25000E-06,+21.30653283000E+00,+196.98492251E-03
+36.30000E-06,+21.25628157348E+00,+196.98492251E-03
+36.35000E-06,+21.30653283000E+00,+196.98492251E-03
+36.40000E-06,+21.30653283000E+00,+196.98492251E-03
+36.45000E-06,+21.65829162688E+00,+196.98492251E-03
+36.50000E-06,+21.25628157348E+00,+192.96482205E-03
+36.55000E-06,+21.30653283000E+00,+192.96482205E-03
+36.60000E-06,+21.30653283000E+00,+192.96482205E-03
+36.65000E-06,+20.90452277660E+00,+192.96482205E-03
+36.70000E-06,+21.30653283000E+00,+192.46230950E-03
+36.75000E-06,+20.95477403312E+00,+188.94472159E-03
+36.80000E-06,+20.95477403312E+00,+188.94472159E-03
+36.85000E-06,+21.30653283000E+00,+185.42713369E-03
+36.90000E-06,+21.30653283000E+00,+188.94472159E-03
+36.95000E-06,+20.90452277660E+00,+188.94472159E-03
+37.00000E-06,+21.65829162688E+00,+188.94472159E-03
+37.05000E-06,+21.30653283000E+00,+184.92462113E-03
+37.10000E-06,+21.30653283000E+00,+188.94472159E-03
+37.15000E-06,+21.30653283000E+00,+184.92462113E-03
+37.20000E-06,+21.30653283000E+00,+184.92462113E-03
+37.25000E-06,+21.30653283000E+00,+184.92462113E-03
+37.30000E-06,+21.30653283000E+00,+180.90452068E-03
+37.35000E-06,+20.95477403312E+00,+180.90452068E-03
+37.40000E-06,+20.95477403312E+00,+180.90452068E-03
+37.45000E-06,+21.30653283000E+00,+180.90452068E-03
+37.50000E-06,+21.30653283000E+00,+180.90452068E-03
+37.55000E-06,+20.95477403312E+00,+180.90452068E-03
+37.60000E-06,+21.30653283000E+00,+176.88442022E-03
+37.65000E-06,+21.30653283000E+00,+176.88442022E-03
+37.70000E-06,+21.25628157349E+00,+176.88442022E-03
+37.75000E-06,+21.30653283000E+00,+176.88442022E-03
+37.80000E-06,+21.25628157349E+00,+176.88442022E-03
+37.85000E-06,+21.70854288340E+00,+172.86431976E-03
+37.90000E-06,+21.30653283000E+00,+172.86431976E-03
+37.95000E-06,+20.90452277660E+00,+172.86431976E-03
+38.00000E-06,+20.95477403311E+00,+168.84421930E-03
+38.05000E-06,+21.30653283000E+00,+172.86431976E-03
+38.10000E-06,+21.30653283000E+00,+168.84421930E-03
+38.15000E-06,+21.30653283000E+00,+172.36180720E-03
+38.20000E-06,+21.30653283000E+00,+172.86431976E-03
+38.25000E-06,+21.30653283000E+00,+168.84421930E-03
+38.30000E-06,+21.30653283000E+00,+168.84421930E-03
+38.35000E-06,+21.30653283000E+00,+168.84421930E-03
+38.40000E-06,+20.90452277660E+00,+168.84421930E-03
+38.45000E-06,+20.95477403311E+00,+164.82411884E-03
+38.50000E-06,+21.30653283000E+00,+164.82411884E-03
+38.55000E-06,+21.30653283000E+00,+165.32663139E-03
+38.60000E-06,+21.30653283000E+00,+164.82411884E-03
+38.65000E-06,+21.30653283000E+00,+164.82411884E-03
+38.70000E-06,+21.30653283000E+00,+164.82411884E-03
+38.75000E-06,+21.30653283000E+00,+164.82411884E-03
+38.80000E-06,+20.90452277660E+00,+164.82411884E-03
+38.85000E-06,+21.25628157349E+00,+160.80401838E-03
+38.90000E-06,+21.30653283000E+00,+160.80401838E-03
+38.95000E-06,+21.30653283000E+00,+160.30150582E-03
+39.00000E-06,+21.30653283000E+00,+157.28643047E-03
+39.05000E-06,+21.30653283000E+00,+156.78391792E-03
+39.10000E-06,+21.30653283000E+00,+156.78391792E-03
+39.15000E-06,+21.70854288340E+00,+152.76381746E-03
+39.20000E-06,+21.25628157350E+00,+152.76381746E-03
+39.25000E-06,+21.30653283000E+00,+156.78391792E-03
+39.30000E-06,+21.30653283000E+00,+156.78391792E-03
+39.35000E-06,+21.30653283000E+00,+152.76381746E-03
+39.40000E-06,+21.25628157350E+00,+149.24622956E-03
+39.45000E-06,+21.30653283000E+00,+152.76381746E-03
+39.50000E-06,+21.30653283000E+00,+152.76381746E-03
+39.55000E-06,+21.30653283000E+00,+148.74371700E-03
+39.60000E-06,+21.30653283000E+00,+152.76381746E-03
+39.65000E-06,+21.30653283000E+00,+149.24622956E-03
+39.70000E-06,+21.25628157350E+00,+148.74371700E-03
+39.75000E-06,+21.30653283000E+00,+148.74371700E-03
+39.80000E-06,+21.30653283000E+00,+148.24120444E-03
+39.85000E-06,+21.30653283000E+00,+144.72361654E-03
+39.90000E-06,+21.30653283000E+00,+144.72361654E-03
+39.95000E-06,+21.30653283000E+00,+144.72361654E-03
+40.00000E-06,+21.30653283000E+00,+144.72361654E-03
+40.05000E-06,+21.30653283000E+00,+144.22110398E-03
+40.10000E-06,+21.30653283000E+00,+140.70351608E-03
+40.15000E-06,+20.95477403310E+00,+144.72361654E-03
+40.20000E-06,+21.30653283000E+00,+140.70351608E-03
+40.25000E-06,+21.30653283000E+00,+140.70351608E-03
+40.30000E-06,+20.95477403310E+00,+140.70351608E-03
+40.35000E-06,+21.30653283000E+00,+140.70351608E-03
+40.40000E-06,+20.90452277660E+00,+136.68341562E-03
+40.45000E-06,+21.30653283000E+00,+140.70351608E-03
+40.50000E-06,+21.30653283000E+00,+140.70351608E-03
+40.55000E-06,+21.30653283000E+00,+136.68341562E-03
+40.60000E-06,+21.30653283000E+00,+137.18592818E-03
+40.65000E-06,+21.30653283000E+00,+128.64321470E-03
+40.70000E-06,+20.90452277660E+00,+136.68341562E-03
+40.75000E-06,+21.30653283000E+00,+132.66331516E-03
+40.80000E-06,+20.90452277660E+00,+132.66331516E-03
+40.85000E-06,+21.30653283000E+00,+132.66331516E-03
+40.90000E-06,+21.30653283000E+00,+132.66331516E-03
+40.95000E-06,+21.30653283000E+00,+132.66331516E-03
+41.00000E-06,+21.30653283000E+00,+128.64321470E-03
+41.05000E-06,+20.95477403310E+00,+129.14572726E-03
+41.10000E-06,+21.30653283000E+00,+128.64321470E-03
+41.15000E-06,+21.30653283000E+00,+128.64321470E-03
+41.20000E-06,+20.95477403310E+00,+124.62311424E-03
+41.25000E-06,+21.30653283000E+00,+124.62311424E-03
+41.30000E-06,+21.30653283000E+00,+124.62311424E-03
+41.35000E-06,+20.90452277660E+00,+124.62311424E-03
+41.40000E-06,+20.95477403310E+00,+124.62311424E-03
+41.45000E-06,+21.30653283000E+00,+120.60301378E-03
+41.50000E-06,+21.65829162690E+00,+124.62311424E-03
+41.55000E-06,+20.95477403310E+00,+124.12060169E-03
+41.60000E-06,+21.30653283000E+00,+120.60301378E-03
+41.65000E-06,+21.30653283000E+00,+120.60301378E-03
+41.70000E-06,+21.30653283000E+00,+117.08542588E-03
+41.75000E-06,+21.30653283000E+00,+120.60301378E-03
+41.80000E-06,+21.30653283000E+00,+120.10050123E-03
+41.85000E-06,+21.30653283000E+00,+116.58291332E-03
+41.90000E-06,+21.30653283000E+00,+116.58291332E-03
+41.95000E-06,+21.30653283000E+00,+116.58291332E-03
+42.00000E-06,+21.30653283000E+00,+116.08040077E-03
+42.05000E-06,+21.30653283000E+00,+116.58291332E-03
+42.10000E-06,+20.95477403309E+00,+112.56281286E-03
+42.15000E-06,+21.30653283000E+00,+112.56281286E-03
+42.20000E-06,+21.30653283000E+00,+112.56281286E-03
+42.25000E-06,+21.30653283000E+00,+112.56281286E-03
+42.30000E-06,+20.90452277660E+00,+108.54271241E-03
+42.35000E-06,+21.30653283000E+00,+109.04522496E-03
+42.40000E-06,+21.30653283000E+00,+112.56281286E-03
+42.45000E-06,+21.30653283000E+00,+108.54271241E-03
+42.50000E-06,+20.90452277660E+00,+108.54271241E-03
+42.55000E-06,+20.90452277660E+00,+104.52261195E-03
+42.60000E-06,+21.30653283000E+00,+105.02512450E-03
+42.65000E-06,+21.30653283000E+00,+108.54271241E-03
+42.70000E-06,+20.90452277660E+00,+108.54271241E-03
+42.75000E-06,+20.90452277660E+00,+104.52261195E-03
+42.80000E-06,+21.30653283000E+00,+101.00502404E-03
+42.85000E-06,+21.25628157351E+00,+104.52261195E-03
+42.90000E-06,+20.90452277660E+00,+104.52261195E-03
+42.95000E-06,+21.25628157351E+00,+100.50251149E-03
+43.00000E-06,+21.30653283000E+00,+100.50251149E-03
+43.05000E-06,+21.30653283000E+00,+100.50251149E-03
+43.10000E-06,+21.30653283000E+00,+100.50251149E-03
+43.15000E-06,+20.95477403309E+00,+100.50251149E-03
+43.20000E-06,+20.95477403309E+00,+100.50251149E-03
+43.25000E-06,+21.30653283000E+00,+96.98492358E-03
+43.30000E-06,+21.30653283000E+00,+100.50251149E-03
+43.35000E-06,+20.90452277660E+00,+96.48241103E-03
+43.40000E-06,+21.30653283000E+00,+96.48241103E-03
+43.45000E-06,+21.65829162691E+00,+96.48241103E-03
+43.50000E-06,+21.25628157352E+00,+96.48241103E-03
+43.55000E-06,+21.30653283000E+00,+95.97989847E-03
+43.60000E-06,+21.30653283000E+00,+92.46231057E-03
+43.65000E-06,+20.90452277660E+00,+92.46231057E-03
+43.70000E-06,+20.95477403309E+00,+92.46231057E-03
+43.75000E-06,+20.90452277660E+00,+92.46231057E-03
+43.80000E-06,+21.30653283000E+00,+92.46231057E-03
+43.85000E-06,+21.65829162691E+00,+88.44221011E-03
+43.90000E-06,+21.25628157352E+00,+92.46231057E-03
+43.95000E-06,+21.30653283000E+00,+88.44221011E-03
+44.00000E-06,+20.95477403309E+00,+88.44221011E-03
+44.05000E-06,+20.90452277660E+00,+88.44221011E-03
+44.10000E-06,+20.90452277660E+00,+88.44221011E-03
+44.15000E-06,+21.30653283000E+00,+84.42210965E-03
+44.20000E-06,+20.95477403309E+00,+84.42210965E-03
+44.25000E-06,+20.90452277660E+00,+84.42210965E-03
+44.30000E-06,+21.30653283000E+00,+84.42210965E-03
+44.35000E-06,+21.25628157352E+00,+84.42210965E-03
+44.40000E-06,+20.90452277660E+00,+84.42210965E-03
+44.45000E-06,+20.90452277660E+00,+83.91959709E-03
+44.50000E-06,+21.30653283000E+00,+76.88442129E-03
+44.55000E-06,+20.90452277660E+00,+80.40200919E-03
+44.60000E-06,+21.30653283000E+00,+80.40200919E-03
+44.65000E-06,+21.30653283000E+00,+76.38190873E-03
+44.70000E-06,+20.90452277660E+00,+84.42210965E-03
+44.75000E-06,+21.30653283000E+00,+76.38190873E-03
+44.80000E-06,+20.90452277660E+00,+84.42210965E-03
+44.85000E-06,+20.95477403308E+00,+68.34170781E-03
+44.90000E-06,+20.90452277660E+00,+83.91959709E-03
+44.95000E-06,+20.90452277660E+00,+96.48241103E-03
+45.00000E-06,+21.30653283000E+00,+60.30150689E-03
+45.05000E-06,+21.30653283000E+00,+60.30150689E-03
+45.10000E-06,+20.90452277660E+00,+68.84422037E-03
+45.15000E-06,+20.90452277660E+00,+88.44221011E-03
+45.20000E-06,+20.90452277660E+00,+76.88442129E-03
+45.25000E-06,+21.25628157352E+00,+52.76381853E-03
+45.30000E-06,+21.30653283000E+00,+67.83919526E-03
+45.35000E-06,+20.90452277660E+00,+72.86432083E-03
+45.40000E-06,+20.90452277660E+00,+72.36180827E-03
+45.45000E-06,+21.25628157352E+00,+68.84422037E-03
+45.50000E-06,+21.30653283000E+00,+64.32160735E-03
+45.55000E-06,+20.90452277660E+00,+64.32160735E-03
+45.60000E-06,+21.30653283000E+00,+64.32160735E-03
+45.65000E-06,+21.25628157353E+00,+64.32160735E-03
+45.70000E-06,+21.25628157353E+00,+68.34170781E-03
+45.75000E-06,+20.90452277660E+00,+68.34170781E-03
+45.80000E-06,+21.30653283000E+00,+60.30150689E-03
+45.85000E-06,+20.90452277660E+00,+56.78391899E-03
+45.90000E-06,+20.90452277660E+00,+60.80401945E-03
+45.95000E-06,+20.90452277660E+00,+60.30150689E-03
+46.00000E-06,+21.30653283000E+00,+60.30150689E-03
+46.05000E-06,+20.95477403308E+00,+64.32160735E-03
+46.10000E-06,+21.30653283000E+00,+56.78391899E-03
+46.15000E-06,+21.25628157353E+00,+56.28140643E-03
+46.20000E-06,+21.30653283000E+00,+59.79899434E-03
+46.25000E-06,+20.90452277660E+00,+60.30150689E-03
+46.30000E-06,+21.30653283000E+00,+56.28140643E-03
+46.35000E-06,+21.30653283000E+00,+56.78391899E-03
+46.40000E-06,+20.90452277660E+00,+55.77889388E-03
+46.45000E-06,+21.25628157353E+00,+56.28140643E-03
+46.50000E-06,+20.90452277660E+00,+55.77889388E-03
+46.55000E-06,+21.30653283000E+00,+52.26130597E-03
+46.60000E-06,+20.90452277660E+00,+52.26130597E-03
+46.65000E-06,+20.95477403307E+00,+52.26130597E-03
+46.70000E-06,+20.90452277660E+00,+52.26130597E-03
+46.75000E-06,+20.90452277660E+00,+52.26130597E-03
+46.80000E-06,+21.25628157353E+00,+48.24120551E-03
+46.85000E-06,+20.95477403307E+00,+48.24120551E-03
+46.90000E-06,+20.90452277660E+00,+48.24120551E-03
+46.95000E-06,+20.90452277660E+00,+48.24120551E-03
+47.00000E-06,+21.25628157353E+00,+48.24120551E-03
+47.05000E-06,+21.25628157353E+00,+48.24120551E-03
+47.10000E-06,+21.30653283000E+00,+44.22110505E-03
+47.15000E-06,+21.25628157353E+00,+44.22110505E-03
+47.20000E-06,+20.90452277660E+00,+44.22110505E-03
+47.25000E-06,+20.90452277660E+00,+48.24120551E-03
+47.30000E-06,+20.90452277660E+00,+44.72361761E-03
+47.35000E-06,+21.25628157354E+00,+44.22110505E-03
+47.40000E-06,+21.25628157354E+00,+44.22110505E-03
+47.45000E-06,+20.90452277660E+00,+40.20100459E-03
+47.50000E-06,+20.90452277660E+00,+40.70351715E-03
+47.55000E-06,+20.90452277660E+00,+40.20100459E-03
+47.60000E-06,+20.90452277660E+00,+44.22110505E-03
+47.65000E-06,+20.90452277660E+00,+36.68341669E-03
+47.70000E-06,+20.90452277660E+00,+36.18090414E-03
+47.75000E-06,+20.90452277660E+00,+39.69849204E-03
+47.80000E-06,+21.30653283000E+00,+36.18090414E-03
+47.85000E-06,+20.90452277660E+00,+40.20100459E-03
+47.90000E-06,+20.90452277660E+00,+36.18090414E-03
+47.95000E-06,+20.90452277660E+00,+32.66331623E-03
+48.00000E-06,+20.90452277660E+00,+36.18090414E-03
+48.05000E-06,+20.90452277660E+00,+32.66331623E-03
+48.10000E-06,+20.90452277660E+00,+35.67839158E-03
+48.15000E-06,+20.90452277660E+00,+32.16080368E-03
+48.20000E-06,+20.90452277660E+00,+32.16080368E-03
+48.25000E-06,+21.30653283000E+00,+28.14070322E-03
+48.30000E-06,+20.90452277660E+00,+32.16080368E-03
+48.35000E-06,+20.90452277660E+00,+32.16080368E-03
+48.40000E-06,+20.90452277660E+00,+28.14070322E-03
+48.45000E-06,+20.90452277660E+00,+28.14070322E-03
+48.50000E-06,+20.90452277660E+00,+28.14070322E-03
+48.55000E-06,+20.90452277660E+00,+28.14070322E-03
+48.60000E-06,+20.90452277660E+00,+27.63819066E-03
+48.65000E-06,+21.30653283000E+00,+24.62311531E-03
+48.70000E-06,+20.90452277660E+00,+27.63819066E-03
+48.75000E-06,+20.90452277660E+00,+24.12060276E-03
+48.80000E-06,+20.90452277660E+00,+24.12060276E-03
+48.85000E-06,+20.85427152015E+00,+20.10050230E-03
+48.90000E-06,+21.25628157354E+00,+24.12060276E-03
+48.95000E-06,+20.90452277660E+00,+20.10050230E-03
+49.00000E-06,+20.90452277660E+00,+20.10050230E-03
+49.05000E-06,+20.90452277660E+00,+20.10050230E-03
+49.10000E-06,+20.90452277660E+00,+20.10050230E-03
+49.15000E-06,+20.90452277660E+00,+20.10050230E-03
+49.20000E-06,+21.30653283000E+00,+16.58291439E-03
+49.25000E-06,+20.90452277660E+00,+19.59798974E-03
+49.30000E-06,+20.90452277660E+00,+16.08040184E-03
+49.35000E-06,+20.90452277660E+00,+16.08040184E-03
+49.40000E-06,+20.90452277660E+00,+16.08040184E-03
+49.45000E-06,+20.90452277660E+00,+16.08040184E-03
+49.50000E-06,+20.90452277660E+00,+16.08040184E-03
+49.55000E-06,+20.95477403306E+00,+15.57788928E-03
+49.60000E-06,+20.90452277660E+00,+12.56281393E-03
+49.65000E-06,+20.90452277660E+00,+12.06030138E-03
+49.70000E-06,+20.90452277660E+00,+11.55778882E-03
+49.75000E-06,+20.90452277660E+00,+12.06030138E-03
+49.80000E-06,+20.90452277660E+00,+12.06030138E-03
+49.85000E-06,+20.90452277660E+00,+12.06030138E-03
+49.90000E-06,+20.90452277660E+00,+11.55778882E-03
+49.95000E-06,+20.90452277660E+00,+8.04020092E-03
+50.00000E-06,+20.90452277660E+00,+4.52261301E-03
+50.05000E-06,+20.50251272321E+00,+8.04020092E-03
+50.10000E-06,+20.90452277660E+00,+8.04020092E-03
+50.15000E-06,+20.90452277660E+00,+7.53768836E-03
+50.20000E-06,+20.90452277660E+00,+4.02010046E-03
+50.25000E-06,+20.55276397966E+00,+4.02010046E-03
+50.30000E-06,+20.90452277660E+00,+4.02010046E-03
+50.35000E-06,+20.85427152015E+00,+4.02010046E-03
+50.40000E-06,+20.90452277660E+00,+4.02010046E-03
+50.45000E-06,+20.90452277660E+00,+4.02010046E-03
+50.50000E-06,+20.90452277660E+00,+4.02010046E-03
+50.55000E-06,+20.90452277660E+00,+4.02010046E-03
+50.60000E-06,+20.90452277660E+00,+0.0E+00
+50.65000E-06,+20.90452277660E+00,+502.51256E-06
+50.70000E-06,+20.90452277660E+00,+0.0E+00
+50.75000E-06,+20.90452277660E+00,+0.0E+00
+50.80000E-06,+20.55276397966E+00,+0.0E+00
+50.85000E-06,+20.90452277660E+00,-3.51758790E-03
+50.90000E-06,+20.90452277660E+00,-4.02010046E-03
+50.95000E-06,+20.55276397965E+00,-15.57788928E-03
+51.00000E-06,+20.50251272321E+00,+4.02010046E-03
+51.05000E-06,+20.85427152016E+00,+4.02010046E-03
+51.10000E-06,+20.85427152016E+00,-8.04020092E-03
+51.15000E-06,+20.90452277660E+00,-12.56281393E-03
+51.20000E-06,+20.50251272321E+00,-8.04020092E-03
+51.25000E-06,+20.50251272321E+00,-8.04020092E-03
+51.30000E-06,+20.10050266981E+00,-16.08040184E-03
+51.35000E-06,+19.29648256302E+00,-20.60301485E-03
+51.40000E-06,+19.29648256302E+00,-20.10050230E-03
+51.45000E-06,+18.89447250962E+00,-20.10050230E-03
+51.50000E-06,+18.14070365928E+00,-24.62311531E-03
+51.55000E-06,+17.68844234943E+00,-28.14070322E-03
+51.60000E-06,+17.28643229604E+00,-28.14070322E-03
+51.65000E-06,+16.48241218925E+00,-28.64321577E-03
+51.70000E-06,+15.67839208245E+00,-28.14070322E-03
+51.75000E-06,+15.22613077261E+00,-28.14070322E-03
+51.80000E-06,+14.12060312531E+00,-28.64321577E-03
+51.85000E-06,+13.66834181547E+00,-31.65829112E-03
+51.90000E-06,+12.86432170868E+00,-28.14070322E-03
+51.95000E-06,+12.11055285833E+00,-28.64321577E-03
+52.00000E-06,+11.65829154849E+00,-32.16080368E-03
+52.05000E-06,+11.60804029205E+00,-28.14070322E-03
+52.10000E-06,+10.85427144170E+00,-28.64321577E-03
+52.15000E-06,+10.45226138830E+00,-28.14070322E-03
+52.20000E-06,+10.05025133491E+00,-28.14070322E-03
+52.25000E-06,+9.64824128151E+00,-28.14070322E-03
+52.30000E-06,+9.24623122811E+00,-24.62311531E-03
+52.35000E-06,+8.89447243116E+00,-24.12060276E-03
+52.40000E-06,+8.44221112132E+00,-24.12060276E-03
+52.45000E-06,+8.44221112132E+00,-23.61809020E-03
+52.50000E-06,+8.04020106792E+00,-20.10050230E-03
+52.55000E-06,+8.04020106792E+00,-20.10050230E-03
+52.60000E-06,+7.63819101453E+00,-16.58291439E-03
+52.65000E-06,+7.63819101453E+00,-16.58291439E-03
+52.70000E-06,+7.23618096113E+00,-16.58291439E-03
+52.75000E-06,+7.23618096113E+00,-16.08040184E-03
+52.80000E-06,+7.23618096113E+00,-12.06030138E-03
+52.85000E-06,+7.23618096113E+00,-12.06030138E-03
+52.90000E-06,+7.23618096113E+00,-12.06030138E-03
+52.95000E-06,+6.83417090774E+00,-12.06030138E-03
+53.00000E-06,+6.88442216417E+00,-8.04020092E-03
+53.05000E-06,+6.88442216417E+00,-8.04020092E-03
+53.10000E-06,+7.23618096113E+00,-4.02010046E-03
+53.15000E-06,+7.23618096113E+00,-4.02010046E-03
+53.20000E-06,+7.58793975809E+00,-4.02010046E-03
+53.25000E-06,+7.63819101453E+00,+0.0E+00
+53.30000E-06,+7.68844227096E+00,+0.0E+00
+53.35000E-06,+7.63819101453E+00,+3.51758790E-03
+53.40000E-06,+8.44221112132E+00,+502.51256E-06
+53.45000E-06,+8.44221112132E+00,+4.02010046E-03
+53.50000E-06,+8.49246237776E+00,+4.02010046E-03
+53.55000E-06,+8.84422117472E+00,+4.02010046E-03
+53.60000E-06,+9.59799002507E+00,+8.04020092E-03
+53.65000E-06,+9.24623122811E+00,+8.04020092E-03
+53.70000E-06,+9.64824128151E+00,+8.04020092E-03
+53.75000E-06,+10.45226138830E+00,+8.04020092E-03
+53.80000E-06,+10.80402018526E+00,+8.04020092E-03
+53.85000E-06,+11.25628149509E+00,+12.06030138E-03
+53.90000E-06,+11.65829154849E+00,+8.54271347E-03
+53.95000E-06,+11.65829154849E+00,+12.06030138E-03
+54.00000E-06,+12.06030160189E+00,+12.06030138E-03
+54.05000E-06,+12.46231165528E+00,+12.06030138E-03
+54.10000E-06,+12.51256291171E+00,+12.06030138E-03
+54.15000E-06,+13.26633176208E+00,+12.06030138E-03
+54.20000E-06,+13.31658301851E+00,+12.06030138E-03
+54.25000E-06,+13.66834181547E+00,+11.55778882E-03
+54.30000E-06,+14.42211066583E+00,+12.06030138E-03
+54.35000E-06,+14.47236192226E+00,+8.04020092E-03
+54.40000E-06,+14.87437197566E+00,+8.04020092E-03
+54.45000E-06,+14.87437197566E+00,+8.04020092E-03
+54.50000E-06,+14.87437197566E+00,+8.04020092E-03
+54.55000E-06,+15.27638202906E+00,+4.52261301E-03
+54.60000E-06,+15.27638202906E+00,+4.02010046E-03
+54.65000E-06,+15.32663328549E+00,+4.02010046E-03
+54.70000E-06,+15.67839208245E+00,+502.51255E-06
+54.75000E-06,+15.62814082602E+00,+0.0E+00
+54.80000E-06,+15.67839208245E+00,+502.51255E-06
+54.85000E-06,+15.67839208245E+00,+0.0E+00
+54.90000E-06,+15.62814082602E+00,-4.02010046E-03
+54.95000E-06,+15.27638202906E+00,-502.51255E-06
+55.00000E-06,+15.27638202906E+00,-7.53768836E-03
+55.05000E-06,+14.92462323209E+00,-7.53768836E-03
+55.10000E-06,+14.87437197566E+00,-8.04020092E-03
+55.15000E-06,+14.87437197566E+00,-8.54271347E-03
+55.20000E-06,+14.87437197566E+00,-12.06030138E-03
+55.25000E-06,+14.52261317869E+00,-12.06030138E-03
+55.30000E-06,+14.47236192226E+00,-12.06030138E-03
+55.35000E-06,+14.07035186887E+00,-12.06030138E-03
+55.40000E-06,+13.66834181547E+00,-12.06030138E-03
+55.45000E-06,+13.66834181547E+00,-12.06030138E-03
+55.50000E-06,+13.31658301850E+00,-12.06030138E-03
+55.55000E-06,+12.86432170868E+00,-12.56281393E-03
+55.60000E-06,+12.91457296510E+00,-12.06030138E-03
+55.65000E-06,+12.86432170868E+00,-12.56281393E-03
+55.70000E-06,+12.46231165528E+00,-16.08040184E-03
+55.75000E-06,+12.41206039886E+00,-12.56281393E-03
+55.80000E-06,+11.65829154849E+00,-16.08040184E-03
+55.85000E-06,+11.65829154849E+00,-16.08040184E-03
+55.90000E-06,+11.65829154849E+00,-16.08040184E-03
+55.95000E-06,+11.65829154849E+00,-16.08040184E-03
+56.00000E-06,+11.25628149509E+00,-16.08040184E-03
+56.05000E-06,+10.85427144170E+00,-12.56281393E-03
+56.10000E-06,+10.85427144170E+00,-12.56281393E-03
+56.15000E-06,+10.85427144170E+00,-12.06030138E-03
+56.20000E-06,+10.85427144170E+00,-12.06030138E-03
+56.25000E-06,+10.80402018528E+00,-12.06030138E-03
+56.30000E-06,+10.50251264472E+00,-16.08040184E-03
+56.35000E-06,+10.05025133491E+00,-11.55778882E-03
+56.40000E-06,+10.45226138830E+00,-12.06030138E-03
+56.45000E-06,+10.10050259133E+00,-12.06030138E-03
+56.50000E-06,+10.05025133491E+00,-12.06030138E-03
+56.55000E-06,+10.05025133491E+00,-8.04020092E-03
+56.60000E-06,+10.05025133491E+00,-11.55778882E-03
+56.65000E-06,+9.64824128151E+00,-8.04020092E-03
+56.70000E-06,+10.05025133491E+00,-12.06030138E-03
+56.75000E-06,+10.40201013188E+00,-8.04020092E-03
+56.80000E-06,+10.05025133491E+00,-8.04020092E-03
+56.85000E-06,+10.45226138830E+00,-8.04020092E-03
+56.90000E-06,+10.10050259132E+00,-8.04020092E-03
+56.95000E-06,+10.45226138830E+00,-3.51758790E-03
+57.00000E-06,+10.45226138830E+00,-7.53768836E-03
+57.05000E-06,+10.10050259132E+00,-4.02010046E-03
+57.10000E-06,+10.05025133491E+00,-4.02010046E-03
+57.15000E-06,+10.45226138830E+00,-4.02010046E-03
+57.20000E-06,+10.45226138830E+00,-4.02010046E-03
+57.25000E-06,+10.85427144170E+00,+0.0E+00
+57.30000E-06,+10.85427144170E+00,-502.51255E-06
+57.35000E-06,+11.20603023868E+00,-4.02010046E-03
+57.40000E-06,+11.25628149509E+00,-3.51758790E-03
+57.45000E-06,+10.85427144170E+00,-4.02010046E-03
+57.50000E-06,+11.25628149509E+00,+0.0E+00
+57.55000E-06,+11.25628149509E+00,+0.0E+00
+57.60000E-06,+11.60804029208E+00,+0.0E+00
+57.65000E-06,+11.65829154849E+00,+0.0E+00
+57.70000E-06,+11.65829154849E+00,+0.0E+00
+57.75000E-06,+11.65829154849E+00,+0.0E+00
+57.80000E-06,+12.06030160189E+00,+0.0E+00
+57.85000E-06,+12.06030160189E+00,+502.51255E-06
+57.90000E-06,+12.06030160189E+00,+0.0E+00
+57.95000E-06,+12.46231165528E+00,+0.0E+00
+58.00000E-06,+12.46231165528E+00,+0.0E+00
+58.05000E-06,+12.11055285830E+00,+0.0E+00
+58.10000E-06,+12.46231165528E+00,+0.0E+00
+58.15000E-06,+12.46231165528E+00,+0.0E+00
+58.20000E-06,+12.46231165528E+00,+0.0E+00
+58.25000E-06,+12.51256291169E+00,-4.02010046E-03
+58.30000E-06,+12.86432170868E+00,+0.0E+00
+58.35000E-06,+12.86432170868E+00,+0.0E+00
+58.40000E-06,+12.86432170868E+00,-502.51255E-06
+58.45000E-06,+13.21608050566E+00,+0.0E+00
+58.50000E-06,+12.86432170868E+00,-4.02010046E-03
+58.55000E-06,+13.26633176208E+00,+0.0E+00
+58.60000E-06,+12.91457296509E+00,-4.02010046E-03
+58.65000E-06,+13.26633176208E+00,+0.0E+00
+58.70000E-06,+12.86432170868E+00,-4.52261301E-03
+58.75000E-06,+12.86432170868E+00,-4.02010046E-03
+58.80000E-06,+13.26633176208E+00,-4.02010046E-03
+58.85000E-06,+12.91457296509E+00,-4.02010046E-03
+58.90000E-06,+12.91457296509E+00,-4.52261301E-03
+58.95000E-06,+12.86432170868E+00,-4.52261301E-03
+59.00000E-06,+12.91457296509E+00,-4.02010046E-03
+59.05000E-06,+12.86432170868E+00,-4.52261301E-03
+59.10000E-06,+12.86432170868E+00,-8.04020092E-03
+59.15000E-06,+12.86432170868E+00,-8.04020092E-03
+59.20000E-06,+12.86432170868E+00,-7.53768836E-03
+59.25000E-06,+12.86432170868E+00,-4.52261301E-03
+59.30000E-06,+12.46231165528E+00,-8.04020092E-03
+59.35000E-06,+12.51256291169E+00,-8.04020092E-03
+59.40000E-06,+12.46231165528E+00,-8.04020092E-03
+59.45000E-06,+12.41206039888E+00,-11.55778882E-03
+59.50000E-06,+12.46231165528E+00,-8.04020092E-03
+59.55000E-06,+12.06030160189E+00,-8.54271347E-03
+59.60000E-06,+12.06030160189E+00,-8.04020092E-03
+59.65000E-06,+12.06030160189E+00,-8.04020092E-03
+59.70000E-06,+12.06030160189E+00,-8.04020092E-03
+59.75000E-06,+12.06030160189E+00,-8.54271347E-03
+59.80000E-06,+11.65829154849E+00,-8.04020092E-03
+59.85000E-06,+11.65829154849E+00,-11.55778882E-03
+59.90000E-06,+11.25628149509E+00,-8.54271347E-03
+59.95000E-06,+11.65829154849E+00,-8.04020092E-03
+60.00000E-06,+11.65829154849E+00,-8.04020092E-03
+60.05000E-06,+11.65829154849E+00,-8.04020092E-03
+60.10000E-06,+11.65829154849E+00,-8.04020092E-03
+60.15000E-06,+11.65829154849E+00,-8.04020092E-03
+60.20000E-06,+11.65829154849E+00,-7.53768836E-03
+60.25000E-06,+11.65829154849E+00,-8.04020092E-03
+60.30000E-06,+12.01005034549E+00,-4.52261301E-03
+60.35000E-06,+11.65829154849E+00,-7.53768836E-03
+60.40000E-06,+11.65829154849E+00,-8.04020092E-03
+60.45000E-06,+11.65829154849E+00,-4.02010046E-03
+60.50000E-06,+12.06030160189E+00,-4.02010046E-03
+60.55000E-06,+12.06030160189E+00,-4.52261301E-03
+60.60000E-06,+12.06030160189E+00,-8.04020092E-03
+60.65000E-06,+11.65829154849E+00,-20.10050230E-03
+60.70000E-06,+10.50251264470E+00,-40.20100459E-03
+60.75000E-06,+9.24623122811E+00,-36.18090414E-03
+60.80000E-06,+8.39195986492E+00,-32.66331623E-03
+60.85000E-06,+7.23618096113E+00,-28.14070322E-03
+60.90000E-06,+6.83417090774E+00,-28.14070322E-03
+60.95000E-06,+5.97989954454E+00,-24.12060276E-03
+61.00000E-06,+5.22613069415E+00,-16.58291439E-03
+61.05000E-06,+4.82412064075E+00,-20.10050230E-03
+61.10000E-06,+4.42211058736E+00,-16.08040184E-03
+61.15000E-06,+3.61809048057E+00,-16.08040184E-03
+61.20000E-06,+3.96984927756E+00,-16.08040184E-03
+61.25000E-06,+3.26633168357E+00,-12.56281393E-03
+61.30000E-06,+3.21608042717E+00,-12.06030138E-03
+61.35000E-06,+2.81407037377E+00,-15.57788928E-03
+61.40000E-06,+2.41206032038E+00,-16.08040184E-03
+61.45000E-06,+2.41206032038E+00,-12.06030138E-03
+61.50000E-06,+2.01005026698E+00,-12.06030138E-03
+61.55000E-06,+2.01005026698E+00,-12.06030138E-03
+61.60000E-06,+1.60804021358E+00,-11.55778882E-03
+61.65000E-06,+1.20603016019E+00,-4.02010046E-03
+61.70000E-06,+1.20603016019E+00,-4.02010046E-03
+61.75000E-06,+1.15577890379E+00,-4.02010046E-03
+61.80000E-06,+804.02010679E-03,+0.0E+00
+61.85000E-06,+402.01005340E-03,-4.02010046E-03
+61.90000E-06,+402.01005340E-03,+0.0E+00
+61.95000E-06,+402.01005340E-03,+3.51758790E-03
+62.00000E-06,+402.01005340E-03,+4.02010046E-03
+62.05000E-06,+402.01005340E-03,+8.04020092E-03
+62.10000E-06,+402.01005340E-03,+4.02010046E-03
+62.15000E-06,+0.0E+00,+8.04020092E-03
+62.20000E-06,+402.01005340E-03,+8.04020092E-03
+62.25000E-06,+50.25125639E-03,+16.08040184E-03
+62.30000E-06,+402.01005340E-03,+16.08040184E-03
+62.35000E-06,+402.01005340E-03,+12.06030138E-03
+62.40000E-06,+402.01005340E-03,+20.10050230E-03
+62.45000E-06,+402.01005340E-03,+12.06030138E-03
+62.50000E-06,+402.01005340E-03,+20.10050230E-03
+62.55000E-06,+402.01005340E-03,+12.56281393E-03
+62.60000E-06,+50.25125639E-03,+19.59798974E-03
+62.65000E-06,+402.01005340E-03,+24.12060276E-03
+62.70000E-06,+402.01005340E-03,+20.10050230E-03
+62.75000E-06,+0.0E+00,+24.62311531E-03
+62.80000E-06,+402.01005340E-03,+24.12060276E-03
+62.85000E-06,+0.0E+00,+24.12060276E-03
+62.90000E-06,+0.0E+00,+24.12060276E-03
+62.95000E-06,+402.01005340E-03,+27.63819066E-03
+63.00000E-06,+0.0E+00,+24.62311531E-03
+63.05000E-06,+50.25125639E-03,+28.14070322E-03
+63.10000E-06,+402.01005340E-03,+31.65829112E-03
+63.15000E-06,+0.0E+00,+28.14070322E-03
+63.20000E-06,+402.01005340E-03,+28.64321577E-03
+63.25000E-06,+402.01005340E-03,+28.14070322E-03
+63.30000E-06,+402.01005340E-03,+36.18090414E-03
+63.35000E-06,+0.0E+00,+36.18090414E-03
+63.40000E-06,+50.25125639E-03,+32.16080368E-03
+63.45000E-06,+50.25125639E-03,+39.69849204E-03
+63.50000E-06,+402.01005340E-03,+32.16080368E-03
+63.55000E-06,+50.25125639E-03,+36.18090414E-03
+63.60000E-06,+50.25125639E-03,+36.18090414E-03
+63.65000E-06,+402.01005340E-03,+44.22110505E-03
+63.70000E-06,+50.25125639E-03,+40.20100459E-03
+63.75000E-06,+402.01005340E-03,+40.20100459E-03
+63.80000E-06,+402.01005340E-03,+44.22110505E-03
+63.85000E-06,+0.0E+00,+44.22110505E-03
+63.90000E-06,+402.01005340E-03,+43.71859250E-03
+63.95000E-06,+402.01005340E-03,+44.22110505E-03
+64.00000E-06,+0.0E+00,+44.72361761E-03
+64.05000E-06,+50.25125638E-03,+44.22110505E-03
+64.10000E-06,+0.0E+00,+44.22110505E-03
+64.15000E-06,+0.0E+00,+44.22110505E-03
+64.20000E-06,+402.01005340E-03,+44.22110505E-03
+64.25000E-06,+50.25125638E-03,+44.22110505E-03
+64.30000E-06,+0.0E+00,+48.24120551E-03
+64.35000E-06,+0.0E+00,+52.26130597E-03
+64.40000E-06,+402.01005340E-03,+52.26130597E-03
+64.45000E-06,+50.25125638E-03,+52.26130597E-03
+64.50000E-06,+402.01005340E-03,+48.24120551E-03
+64.55000E-06,+0.0E+00,+52.26130597E-03
+64.60000E-06,+402.01005340E-03,+52.26130597E-03
+64.65000E-06,+50.25125638E-03,+52.26130597E-03
+64.70000E-06,+0.0E+00,+56.28140643E-03
+64.75000E-06,+402.01005340E-03,+52.26130597E-03
+64.80000E-06,+402.01005340E-03,+56.28140643E-03
+64.85000E-06,+351.75879701E-03,+48.74371807E-03
+64.90000E-06,+402.01005340E-03,+60.30150689E-03
+64.95000E-06,+0.0E+00,+80.40200919E-03
+65.00000E-06,+402.01005340E-03,+48.24120551E-03
+65.05000E-06,+50.25125638E-03,+44.72361761E-03
+65.10000E-06,+0.0E+00,+60.30150689E-03
+65.15000E-06,+0.0E+00,+76.38190873E-03
+65.20000E-06,+402.01005340E-03,+68.84422037E-03
+65.25000E-06,+402.01005340E-03,+48.24120551E-03
+65.30000E-06,+0.0E+00,+59.79899434E-03
+65.35000E-06,+351.75879702E-03,+72.36180827E-03
+65.40000E-06,+50.25125638E-03,+72.36180827E-03
+65.45000E-06,+402.01005340E-03,+68.34170781E-03
+65.50000E-06,+50.25125638E-03,+64.32160735E-03
+65.55000E-06,+0.0E+00,+72.36180827E-03
+65.60000E-06,+402.01005340E-03,+64.32160735E-03
+65.65000E-06,+0.0E+00,+72.36180827E-03
+65.70000E-06,+402.01005340E-03,+72.36180827E-03
+65.75000E-06,+402.01005340E-03,+76.38190873E-03
+65.80000E-06,+0.0E+00,+72.36180827E-03
+65.85000E-06,+402.01005340E-03,+68.34170781E-03
+65.90000E-06,+351.75879702E-03,+72.86432082E-03
+65.95000E-06,+402.01005340E-03,+72.36180827E-03
+66.00000E-06,+0.0E+00,+79.89949663E-03
+66.05000E-06,+402.01005340E-03,+79.89949663E-03
+66.10000E-06,+0.0E+00,+72.36180827E-03
+66.15000E-06,+0.0E+00,+76.38190873E-03
+66.20000E-06,+0.0E+00,+80.40200919E-03
+66.25000E-06,+0.0E+00,+83.91959709E-03
+66.30000E-06,+0.0E+00,+80.40200919E-03
+66.35000E-06,+50.25125637E-03,+80.40200919E-03
+66.40000E-06,+50.25125637E-03,+83.91959709E-03
+66.45000E-06,+0.0E+00,+84.42210965E-03
+66.50000E-06,+0.0E+00,+84.42210965E-03
+66.55000E-06,+0.0E+00,+83.91959709E-03
+66.60000E-06,+351.75879703E-03,+88.44221011E-03
+66.65000E-06,+402.01005340E-03,+91.95979801E-03
+66.70000E-06,+0.0E+00,+88.44221011E-03
+66.75000E-06,+50.25125637E-03,+88.44221011E-03
+66.80000E-06,+402.01005340E-03,+88.44221011E-03
+66.85000E-06,+402.01005340E-03,+88.44221011E-03
+66.90000E-06,+402.01005340E-03,+91.95979801E-03
+66.95000E-06,+0.0E+00,+92.46231057E-03
+67.00000E-06,+50.25125637E-03,+96.48241103E-03
+67.05000E-06,+50.25125637E-03,+92.46231057E-03
+67.10000E-06,+0.0E+00,+95.97989847E-03
+67.15000E-06,+402.01005340E-03,+96.48241103E-03
+67.20000E-06,+0.0E+00,+92.46231057E-03
+67.25000E-06,+0.0E+00,+95.97989847E-03
+67.30000E-06,+0.0E+00,+100.50251149E-03
+67.35000E-06,+351.75879703E-03,+100.50251149E-03
+67.40000E-06,+351.75879703E-03,+96.48241103E-03
+67.45000E-06,+0.0E+00,+96.48241103E-03
+67.50000E-06,+402.01005340E-03,+100.50251149E-03
+67.55000E-06,-351.75879703E-03,+104.02009939E-03
+67.60000E-06,+402.01005340E-03,+104.02009939E-03
+67.65000E-06,+351.75879703E-03,+100.50251149E-03
+67.70000E-06,+351.75879703E-03,+104.52261195E-03
+67.75000E-06,+402.01005340E-03,+104.52261195E-03
+67.80000E-06,+402.01005340E-03,+108.54271241E-03
+67.85000E-06,+402.01005340E-03,+108.54271241E-03
+67.90000E-06,+50.25125636E-03,+108.54271241E-03
+67.95000E-06,+402.01005340E-03,+108.54271241E-03
+68.00000E-06,+402.01005340E-03,+108.54271241E-03
+68.05000E-06,+351.75879703E-03,+108.54271241E-03
+68.10000E-06,+402.01005340E-03,+112.06030031E-03
+68.15000E-06,+0.0E+00,+112.06030031E-03
+68.20000E-06,+402.01005340E-03,+112.56281286E-03
+68.25000E-06,+402.01005340E-03,+112.56281286E-03
+68.30000E-06,+351.75879703E-03,+116.08040077E-03
+68.35000E-06,+402.01005340E-03,+112.56281286E-03
+68.40000E-06,+0.0E+00,+113.06532542E-03
+68.45000E-06,+351.75879703E-03,+120.60301378E-03
+68.50000E-06,+402.01005340E-03,+116.58291332E-03
+68.55000E-06,+351.75879703E-03,+116.58291332E-03
+68.60000E-06,+0.0E+00,+116.58291332E-03
+68.65000E-06,+50.25125636E-03,+120.60301378E-03
+68.70000E-06,+50.25125636E-03,+124.12060169E-03
+68.75000E-06,+0.0E+00,+120.60301378E-03
+68.80000E-06,+0.0E+00,+121.10552634E-03
+68.85000E-06,+50.25125636E-03,+120.60301378E-03
+68.90000E-06,+0.0E+00,+121.10552634E-03
+68.95000E-06,+402.01005340E-03,+120.60301378E-03
+69.00000E-06,+0.0E+00,+124.62311424E-03
+69.05000E-06,+402.01005340E-03,+124.62311424E-03
+69.10000E-06,+0.0E+00,+128.64321470E-03
+69.15000E-06,+0.0E+00,+128.64321470E-03
+69.20000E-06,+0.0E+00,+124.62311424E-03
+69.25000E-06,+50.25125636E-03,+128.64321470E-03
+69.30000E-06,+50.25125636E-03,+132.16080261E-03
+69.35000E-06,+0.0E+00,+132.66331516E-03
+69.40000E-06,+351.75879704E-03,+132.66331516E-03
+69.45000E-06,+351.75879704E-03,+133.16582772E-03
+69.50000E-06,+0.0E+00,+132.66331516E-03
+69.55000E-06,+0.0E+00,+133.16582772E-03
+69.60000E-06,+50.25125636E-03,+136.68341562E-03
+69.65000E-06,+0.0E+00,+136.68341562E-03
+69.70000E-06,+0.0E+00,+136.68341562E-03
+69.75000E-06,+0.0E+00,+137.18592818E-03
+69.80000E-06,+0.0E+00,+136.68341562E-03
+69.85000E-06,+402.01005340E-03,+140.70351608E-03
+69.90000E-06,+351.75879704E-03,+140.70351608E-03
+69.95000E-06,+50.25125636E-03,+140.70351608E-03
+70.00000E-06,+0.0E+00,+140.70351608E-03
+70.05000E-06,+0.0E+00,+144.22110399E-03
+70.10000E-06,+0.0E+00,+144.72361654E-03
+70.15000E-06,+0.0E+00,+141.20602864E-03
