x-axis,2
second,Volt
-2.470600E-03,
-2.468100E-03,-402.010053E-03
-2.465600E-03,-402.010053E-03
-2.463100E-03,-402.010053E-03
-2.460600E-03,-402.010053E-03
-2.458100E-03,-402.010053E-03
-2.455600E-03,-402.010053E-03
-2.453100E-03,-402.010053E-03
-2.450600E-03,-452.261310E-03
-2.448100E-03,-402.010053E-03
-2.445600E-03,-402.010053E-03
-2.443100E-03,-402.010053E-03
-2.440600E-03,-402.010053E-03
-2.438100E-03,-402.010053E-03
-2.435600E-03,-402.010053E-03
-2.433100E-03,-402.010053E-03
-2.430600E-03,-402.010053E-03
-2.428100E-03,-402.010053E-03
-2.425600E-03,-402.010053E-03
-2.423100E-03,-402.010053E-03
-2.420600E-03,-753.768850E-03
-2.418100E-03,-402.010053E-03
-2.415600E-03,-402.010053E-03
-2.413100E-03,-653.266337E-03
-2.410600E-03,-402.010053E-03
-2.408100E-03,-402.010053E-03
-2.405600E-03,-251.256283E-03
-2.403100E-03,-402.010053E-03
-2.400600E-03,-402.010053E-03
-2.398100E-03,-753.768850E-03
-2.395600E-03,-402.010053E-03
-2.393100E-03,-402.010053E-03
-2.390600E-03,-402.010053E-03
-2.388100E-03,-452.261310E-03
-2.385600E-03,-301.507540E-03
-2.383100E-03,-402.010053E-03
-2.380600E-03,-402.010053E-03
-2.378100E-03,-402.010053E-03
-2.375600E-03,-402.010053E-03
-2.373100E-03,-402.010053E-03
-2.370600E-03,-402.010053E-03
-2.368100E-03,-402.010053E-03
-2.365600E-03,-402.010053E-03
-2.363100E-03,-402.010053E-03
-2.360600E-03,-402.010053E-03
-2.358100E-03,-402.010053E-03
-2.355600E-03,-402.010053E-03
-2.353100E-03,-251.256283E-03
-2.350600E-03,-351.758797E-03
-2.348100E-03,-50.251257E-03
-2.345600E-03,-150.753770E-03
-2.343100E-03,-402.010053E-03
-2.340600E-03,-402.010053E-03
-2.338100E-03,-402.010053E-03
-2.335600E-03,-402.010053E-03
-2.333100E-03,-402.010053E-03
-2.330600E-03,-402.010053E-03
-2.328100E-03,-402.010053E-03
-2.325600E-03,-150.753770E-03
-2.323100E-03,-402.010053E-03
-2.320600E-03,-402.010053E-03
-2.318100E-03,-402.010053E-03
-2.315600E-03,-402.010053E-03
-2.313100E-03,-552.763823E-03
-2.310600E-03,-402.010053E-03
-2.308100E-03,-402.010053E-03
-2.305600E-03,-402.010053E-03
-2.303100E-03,-251.256283E-03
-2.300600E-03,-402.010053E-03
-2.298100E-03,-402.010053E-03
-2.295600E-03,-653.266337E-03
-2.293100E-03,-402.010053E-03
-2.290600E-03,-402.010053E-03
-2.288100E-03,-452.261310E-03
-2.285600E-03,-402.010053E-03
-2.283100E-03,-402.010053E-03
-2.280600E-03,-351.758797E-03
-2.278100E-03,-402.010053E-03
-2.275600E-03,-653.266337E-03
-2.273100E-03,-402.010053E-03
-2.270600E-03,-402.010053E-03
-2.268100E-03,-452.261310E-03
-2.265600E-03,-402.010053E-03
-2.263100E-03,-402.010053E-03
-2.260600E-03,-402.010053E-03
-2.258100E-03,-402.010053E-03
-2.255600E-03,-402.010053E-03
-2.253100E-03,-402.010053E-03
-2.250600E-03,-402.010053E-03
-2.248100E-03,-402.010053E-03
-2.245600E-03,-150.753770E-03
-2.243100E-03,-402.010053E-03
-2.240600E-03,-402.010053E-03
-2.238100E-03,-402.010053E-03
-2.235600E-03,-402.010053E-03
-2.233100E-03,-402.010053E-03
-2.230600E-03,-402.010053E-03
-2.228100E-03,-351.758797E-03
-2.225600E-03,-251.256283E-03
-2.223100E-03,-402.010053E-03
-2.220600E-03,-402.010053E-03
-2.218100E-03,-402.010053E-03
-2.215600E-03,-402.010053E-03
-2.213100E-03,-402.010053E-03
-2.210600E-03,-351.758797E-03
-2.208100E-03,-402.010053E-03
-2.205600E-03,-251.256283E-03
-2.203100E-03,-552.763823E-03
-2.200600E-03,-402.010053E-03
-2.198100E-03,-402.010053E-03
-2.195600E-03,-402.010053E-03
-2.193100E-03,-402.010053E-03
-2.190600E-03,-402.010053E-03
-2.188100E-03,-402.010053E-03
-2.185600E-03,-402.010053E-03
-2.183100E-03,-402.010053E-03
-2.180600E-03,-50.251257E-03
-2.178100E-03,-402.010053E-03
-2.175600E-03,-402.010053E-03
-2.173100E-03,-402.010053E-03
-2.170600E-03,-402.010053E-03
-2.168100E-03,-402.010053E-03
-2.165600E-03,-402.010053E-03
-2.163100E-03,-402.010053E-03
-2.160600E-03,-402.010053E-03
-2.158100E-03,-402.010053E-03
-2.155600E-03,-402.010053E-03
-2.153100E-03,-402.010053E-03
-2.150600E-03,-402.010053E-03
-2.148100E-03,-402.010053E-03
-2.145600E-03,-402.010053E-03
-2.143100E-03,-150.753770E-03
-2.140600E-03,-402.010053E-03
-2.138100E-03,-402.010053E-03
-2.135600E-03,-251.256283E-03
-2.133100E-03,-402.010053E-03
-2.130600E-03,-452.261310E-03
-2.128100E-03,-402.010053E-03
-2.125600E-03,-402.010053E-03
-2.123100E-03,-150.753770E-03
-2.120600E-03,-402.010053E-03
-2.118100E-03,-402.010053E-03
-2.115600E-03,-402.010053E-03
-2.113100E-03,-402.010053E-03
-2.110600E-03,-753.768850E-03
-2.108100E-03,-351.758797E-03
-2.105600E-03,-402.010053E-03
-2.103100E-03,-402.010053E-03
-2.100600E-03,-402.010053E-03
-2.098100E-03,-753.768850E-03
-2.095600E-03,-402.010053E-03
-2.093100E-03,-402.010053E-03
-2.090600E-03,-402.010053E-03
-2.088100E-03,-402.010053E-03
-2.085600E-03,-552.763823E-03
-2.083100E-03,-653.266337E-03
-2.080600E-03,-402.010053E-03
-2.078100E-03,-402.010053E-03
-2.075600E-03,-402.010053E-03
-2.073100E-03,-402.010053E-03
-2.070600E-03,-452.261310E-03
-2.068100E-03,-402.010053E-03
-2.065600E-03,-402.010053E-03
-2.063100E-03,-402.010053E-03
-2.060600E-03,-402.010053E-03
-2.058100E-03,-402.010053E-03
-2.055600E-03,-552.763823E-03
-2.053100E-03,-402.010053E-03
-2.050600E-03,-50.251257E-03
-2.048100E-03,-402.010053E-03
-2.045600E-03,-402.010053E-03
-2.043100E-03,-251.256283E-03
-2.040600E-03,-402.010053E-03
-2.038100E-03,-402.010053E-03
-2.035600E-03,-402.010053E-03
-2.033100E-03,-402.010053E-03
-2.030600E-03,-50.251257E-03
-2.028100E-03,-402.010053E-03
-2.025600E-03,-552.763823E-03
-2.023100E-03,-402.010053E-03
-2.020600E-03,-402.010053E-03
-2.018100E-03,-402.010053E-03
-2.015600E-03,-402.010053E-03
-2.013100E-03,-402.010053E-03
-2.010600E-03,-351.758797E-03
-2.008100E-03,-402.010053E-03
-2.005600E-03,-402.010053E-03
-2.003100E-03,-402.010053E-03
-2.000600E-03,-402.010053E-03
-1.998100E-03,-402.010053E-03
-1.995600E-03,-402.010053E-03
-1.993100E-03,-150.753770E-03
-1.990600E-03,-402.010053E-03
-1.988100E-03,-402.010053E-03
-1.985600E-03,-402.010053E-03
-1.983100E-03,-402.010053E-03
-1.980600E-03,-402.010053E-03
-1.978100E-03,-402.010053E-03
-1.975600E-03,-402.010053E-03
-1.973100E-03,-402.010053E-03
-1.970600E-03,-402.010053E-03
-1.968100E-03,-402.010053E-03
-1.965600E-03,-402.010053E-03
-1.963100E-03,-402.010053E-03
-1.960600E-03,-402.010053E-03
-1.958100E-03,-402.010053E-03
-1.955600E-03,-653.266337E-03
-1.953100E-03,-402.010053E-03
-1.950600E-03,-402.010053E-03
-1.948100E-03,-402.010053E-03
-1.945600E-03,-251.256283E-03
-1.943100E-03,-402.010053E-03
-1.940600E-03,-402.010053E-03
-1.938100E-03,-753.768850E-03
-1.935600E-03,-402.010053E-03
-1.933100E-03,-402.010053E-03
-1.930600E-03,-402.010053E-03
-1.928100E-03,-402.010053E-03
-1.925600E-03,-402.010053E-03
-1.923100E-03,-552.763824E-03
-1.920600E-03,-351.758797E-03
-1.918100E-03,-402.010053E-03
-1.915600E-03,-402.010053E-03
-1.913100E-03,-402.010053E-03
-1.910600E-03,-402.010053E-03
-1.908100E-03,-402.010053E-03
-1.905600E-03,-402.010053E-03
-1.903100E-03,-402.010053E-03
-1.900600E-03,-402.010053E-03
-1.898100E-03,-402.010053E-03
-1.895600E-03,-402.010053E-03
-1.893100E-03,-653.266337E-03
-1.890600E-03,-402.010053E-03
-1.888100E-03,-402.010053E-03
-1.885600E-03,-402.010053E-03
-1.883100E-03,-402.010053E-03
-1.880600E-03,-753.768850E-03
-1.878100E-03,-402.010053E-03
-1.875600E-03,-402.010053E-03
-1.873100E-03,-402.010053E-03
-1.870600E-03,-402.010053E-03
-1.868100E-03,-402.010053E-03
-1.865600E-03,-804.020107E-03
-1.863100E-03,-402.010053E-03
-1.860600E-03,-402.010053E-03
-1.858100E-03,-402.010053E-03
-1.855600E-03,-402.010053E-03
-1.853100E-03,-402.010053E-03
-1.850600E-03,-402.010053E-03
-1.848100E-03,-402.010053E-03
-1.845600E-03,-552.763823E-03
-1.843100E-03,-402.010053E-03
-1.840600E-03,-402.010053E-03
-1.838100E-03,-753.768850E-03
-1.835600E-03,-150.753770E-03
-1.833100E-03,-402.010053E-03
-1.830600E-03,-402.010053E-03
-1.828100E-03,-402.010053E-03
-1.825600E-03,-150.753770E-03
-1.823100E-03,-402.010053E-03
-1.820600E-03,-402.010053E-03
-1.818100E-03,-402.010053E-03
-1.815600E-03,-402.010053E-03
-1.813100E-03,-402.010053E-03
-1.810600E-03,-452.261310E-03
-1.808100E-03,-452.261310E-03
-1.805600E-03,-402.010053E-03
-1.803100E-03,-402.010053E-03
-1.800600E-03,-402.010053E-03
-1.798100E-03,-402.010053E-03
-1.795600E-03,-402.010053E-03
-1.793100E-03,-402.010053E-03
-1.790600E-03,-402.010053E-03
-1.788100E-03,-402.010053E-03
-1.785600E-03,-402.010053E-03
-1.783100E-03,-653.266337E-03
-1.780600E-03,-402.010053E-03
-1.778100E-03,-402.010053E-03
-1.775600E-03,-150.753770E-03
-1.773100E-03,-402.010053E-03
-1.770600E-03,-402.010053E-03
-1.768100E-03,-402.010053E-03
-1.765600E-03,-402.010053E-03
-1.763100E-03,-402.010053E-03
-1.760600E-03,-402.010053E-03
-1.758100E-03,-402.010053E-03
-1.755600E-03,-402.010053E-03
-1.753100E-03,-402.010053E-03
-1.750600E-03,-50.251257E-03
-1.748100E-03,-50.251257E-03
-1.745600E-03,-402.010053E-03
-1.743100E-03,-402.010053E-03
-1.740600E-03,-50.251257E-03
-1.738100E-03,-402.010053E-03
-1.735600E-03,-402.010053E-03
-1.733100E-03,-402.010053E-03
-1.730600E-03,-753.768850E-03
-1.728100E-03,-402.010053E-03
-1.725600E-03,-402.010053E-03
-1.723100E-03,-402.010053E-03
-1.720600E-03,-402.010053E-03
-1.718100E-03,-402.010053E-03
-1.715600E-03,-150.753770E-03
-1.713100E-03,-402.010053E-03
-1.710600E-03,-753.768850E-03
-1.708100E-03,-351.758797E-03
-1.705600E-03,-552.763823E-03
-1.703100E-03,-402.010053E-03
-1.700600E-03,-402.010053E-03
-1.698100E-03,-402.010053E-03
-1.695600E-03,-251.256284E-03
-1.693100E-03,-150.753770E-03
-1.690600E-03,-402.010053E-03
-1.688100E-03,-50.251257E-03
-1.685600E-03,-402.010053E-03
-1.683100E-03,-150.753770E-03
-1.680600E-03,-402.010053E-03
-1.678100E-03,-402.010053E-03
-1.675600E-03,+0.0E+00
-1.673100E-03,-402.010053E-03
-1.670600E-03,-402.010053E-03
-1.668100E-03,-402.010053E-03
-1.665600E-03,-402.010053E-03
-1.663100E-03,-402.010053E-03
-1.660600E-03,-452.261310E-03
-1.658100E-03,-402.010053E-03
-1.655600E-03,-402.010053E-03
-1.653100E-03,-402.010053E-03
-1.650600E-03,-402.010053E-03
-1.648100E-03,-402.010053E-03
-1.645600E-03,-402.010053E-03
-1.643100E-03,-402.010053E-03
-1.640600E-03,-402.010053E-03
-1.638100E-03,-753.768850E-03
-1.635600E-03,-150.753770E-03
-1.633100E-03,-402.010053E-03
-1.630600E-03,-402.010053E-03
-1.628100E-03,-402.010053E-03
-1.625600E-03,-402.010053E-03
-1.623100E-03,-402.010053E-03
-1.620600E-03,-402.010053E-03
-1.618100E-03,-402.010053E-03
-1.615600E-03,-150.753770E-03
-1.613100E-03,-402.010053E-03
-1.610600E-03,-351.758797E-03
-1.608100E-03,-402.010053E-03
-1.605600E-03,-402.010053E-03
-1.603100E-03,-402.010053E-03
-1.600600E-03,-402.010053E-03
-1.598100E-03,-402.010053E-03
-1.595600E-03,-402.010053E-03
-1.593100E-03,-301.507540E-03
-1.590600E-03,-402.010053E-03
-1.588100E-03,-402.010053E-03
-1.585600E-03,-402.010053E-03
-1.583100E-03,-402.010053E-03
-1.580600E-03,-402.010053E-03
-1.578100E-03,-100.502513E-03
-1.575600E-03,-402.010053E-03
-1.573100E-03,-402.010053E-03
-1.570600E-03,-402.010053E-03
-1.568100E-03,-402.010053E-03
-1.565600E-03,-402.010053E-03
-1.563100E-03,-402.010053E-03
-1.560600E-03,-402.010053E-03
-1.558100E-03,-402.010053E-03
-1.555600E-03,-402.010053E-03
-1.553100E-03,-402.010053E-03
-1.550600E-03,-402.010053E-03
-1.548100E-03,-402.010053E-03
-1.545600E-03,-804.020107E-03
-1.543100E-03,-653.266337E-03
-1.540600E-03,-402.010053E-03
-1.538100E-03,-402.010053E-03
-1.535600E-03,-402.010053E-03
-1.533100E-03,-150.753770E-03
-1.530600E-03,-402.010053E-03
-1.528100E-03,-753.768850E-03
-1.525600E-03,-402.010053E-03
-1.523100E-03,-402.010053E-03
-1.520600E-03,-402.010053E-03
-1.518100E-03,-402.010053E-03
-1.515600E-03,-402.010053E-03
-1.513100E-03,-402.010053E-03
-1.510600E-03,-402.010053E-03
-1.508100E-03,-402.010053E-03
-1.505600E-03,-402.010053E-03
-1.503100E-03,-402.010053E-03
-1.500600E-03,-402.010053E-03
-1.498100E-03,-402.010053E-03
-1.495600E-03,-653.266337E-03
-1.493100E-03,-402.010053E-03
-1.490600E-03,-402.010053E-03
-1.488100E-03,-402.010053E-03
-1.485600E-03,-402.010053E-03
-1.483100E-03,-402.010053E-03
-1.480600E-03,-402.010053E-03
-1.478100E-03,-402.010053E-03
-1.475600E-03,-251.256284E-03
-1.473100E-03,-402.010053E-03
-1.470600E-03,-402.010053E-03
-1.468100E-03,-402.010053E-03
-1.465600E-03,-402.010053E-03
-1.463100E-03,-402.010053E-03
-1.460600E-03,-402.010053E-03
-1.458100E-03,-402.010053E-03
-1.455600E-03,-402.010053E-03
-1.453100E-03,-402.010053E-03
-1.450600E-03,-402.010053E-03
-1.448100E-03,-402.010053E-03
-1.445600E-03,-402.010053E-03
-1.443100E-03,-402.010053E-03
-1.440600E-03,-402.010053E-03
-1.438100E-03,-402.010053E-03
-1.435600E-03,-402.010053E-03
-1.433100E-03,-402.010053E-03
-1.430600E-03,-402.010053E-03
-1.428100E-03,-452.261310E-03
-1.425600E-03,-402.010053E-03
-1.423100E-03,-402.010053E-03
-1.420600E-03,-402.010053E-03
-1.418100E-03,-402.010053E-03
-1.415600E-03,-402.010053E-03
-1.413100E-03,-402.010053E-03
-1.410600E-03,-402.010053E-03
-1.408100E-03,-452.261310E-03
-1.405600E-03,-402.010053E-03
-1.403100E-03,-402.010053E-03
-1.400600E-03,-402.010053E-03
-1.398100E-03,-753.768850E-03
-1.395600E-03,-402.010053E-03
-1.393100E-03,-402.010053E-03
-1.390600E-03,-452.261310E-03
-1.388100E-03,-402.010053E-03
-1.385600E-03,-251.256284E-03
-1.383100E-03,-402.010053E-03
-1.380600E-03,-402.010053E-03
-1.378100E-03,-402.010053E-03
-1.375600E-03,-402.010053E-03
-1.373100E-03,-402.010053E-03
-1.370600E-03,-402.010053E-03
-1.368100E-03,-402.010053E-03
-1.365600E-03,-402.010053E-03
-1.363100E-03,-402.010053E-03
-1.360600E-03,-402.010053E-03
-1.358100E-03,-402.010053E-03
-1.355600E-03,-552.763823E-03
-1.353100E-03,-552.763824E-03
-1.350600E-03,-402.010053E-03
-1.348100E-03,-402.010053E-03
-1.345600E-03,-402.010053E-03
-1.343100E-03,-251.256283E-03
-1.340600E-03,-402.010053E-03
-1.338100E-03,-402.010053E-03
-1.335600E-03,-251.256284E-03
-1.333100E-03,-402.010053E-03
-1.330600E-03,-402.010053E-03
-1.328100E-03,-753.768850E-03
-1.325600E-03,-402.010053E-03
-1.323100E-03,-402.010053E-03
-1.320600E-03,-402.010053E-03
-1.318100E-03,-402.010053E-03
-1.315600E-03,-402.010053E-03
-1.313100E-03,-402.010053E-03
-1.310600E-03,-402.010053E-03
-1.308100E-03,-402.010053E-03
-1.305600E-03,-402.010053E-03
-1.303100E-03,-402.010053E-03
-1.300600E-03,-402.010053E-03
-1.298100E-03,-351.758797E-03
-1.295600E-03,-402.010053E-03
-1.293100E-03,-402.010053E-03
-1.290600E-03,-402.010053E-03
-1.288100E-03,-50.251256E-03
-1.285600E-03,-150.753770E-03
-1.283100E-03,-402.010053E-03
-1.280600E-03,-753.768850E-03
-1.278100E-03,-402.010053E-03
-1.275600E-03,-402.010053E-03
-1.273100E-03,-552.763824E-03
-1.270600E-03,-351.758796E-03
-1.268100E-03,-402.010053E-03
-1.265600E-03,-552.763823E-03
-1.263100E-03,-402.010053E-03
-1.260600E-03,-402.010053E-03
-1.258100E-03,-402.010053E-03
-1.255600E-03,-552.763823E-03
-1.253100E-03,-402.010053E-03
-1.250600E-03,-402.010053E-03
-1.248100E-03,-402.010053E-03
-1.245600E-03,-402.010053E-03
-1.243100E-03,-653.266337E-03
-1.240600E-03,-402.010053E-03
-1.238100E-03,-402.010053E-03
-1.235600E-03,-402.010053E-03
-1.233100E-03,-402.010053E-03
-1.230600E-03,-402.010053E-03
-1.228100E-03,-402.010053E-03
-1.225600E-03,-402.010053E-03
-1.223100E-03,-402.010053E-03
-1.220600E-03,-402.010053E-03
-1.218100E-03,-452.261310E-03
-1.215600E-03,-402.010053E-03
-1.213100E-03,-402.010053E-03
-1.210600E-03,-402.010053E-03
-1.208100E-03,+0.0E+00
-1.205600E-03,-402.010053E-03
-1.203100E-03,-402.010053E-03
-1.200600E-03,-402.010053E-03
-1.198100E-03,-402.010053E-03
-1.195600E-03,-402.010053E-03
-1.193100E-03,-402.010053E-03
-1.190600E-03,-402.010053E-03
-1.188100E-03,-402.010053E-03
-1.185600E-03,-251.256284E-03
-1.183100E-03,-402.010053E-03
-1.180600E-03,-402.010053E-03
-1.178100E-03,-402.010053E-03
-1.175600E-03,-402.010053E-03
-1.173100E-03,-402.010053E-03
-1.170600E-03,-402.010053E-03
-1.168100E-03,-402.010053E-03
-1.165600E-03,-653.266337E-03
-1.163100E-03,-402.010053E-03
-1.160600E-03,-402.010053E-03
-1.158100E-03,-402.010053E-03
-1.155600E-03,-402.010053E-03
-1.153100E-03,-402.010053E-03
-1.150600E-03,-753.768850E-03
-1.148100E-03,-402.010053E-03
-1.145600E-03,-251.256284E-03
-1.143100E-03,-402.010053E-03
-1.140600E-03,-402.010053E-03
-1.138100E-03,-402.010053E-03
-1.135600E-03,-402.010053E-03
-1.133100E-03,-552.763824E-03
-1.130600E-03,-402.010053E-03
-1.128100E-03,-402.010053E-03
-1.125600E-03,-402.010053E-03
-1.123100E-03,-552.763824E-03
-1.120600E-03,-402.010053E-03
-1.118100E-03,-402.010053E-03
-1.115600E-03,-402.010053E-03
-1.113100E-03,-402.010053E-03
-1.110600E-03,-402.010053E-03
-1.108100E-03,-402.010053E-03
-1.105600E-03,-402.010053E-03
-1.103100E-03,-402.010053E-03
-1.100600E-03,-402.010053E-03
-1.098100E-03,-753.768850E-03
-1.095600E-03,-402.010053E-03
-1.093100E-03,-402.010053E-03
-1.090600E-03,-402.010053E-03
-1.088100E-03,-50.251256E-03
-1.085600E-03,-402.010053E-03
-1.083100E-03,-402.010053E-03
-1.080600E-03,-402.010053E-03
-1.078100E-03,-402.010053E-03
-1.075600E-03,-653.266337E-03
-1.073100E-03,-402.010053E-03
-1.070600E-03,-402.010053E-03
-1.068100E-03,-402.010053E-03
-1.065600E-03,-804.020107E-03
-1.063100E-03,-402.010053E-03
-1.060600E-03,-402.010053E-03
-1.058100E-03,-402.010053E-03
-1.055600E-03,-402.010053E-03
-1.053100E-03,-402.010053E-03
-1.050600E-03,-402.010053E-03
-1.048100E-03,-50.251256E-03
-1.045600E-03,-402.010053E-03
-1.043100E-03,-150.753770E-03
-1.040600E-03,-402.010053E-03
-1.038100E-03,-402.010053E-03
-1.035600E-03,-402.010053E-03
-1.033100E-03,-402.010053E-03
-1.030600E-03,-402.010053E-03
-1.028100E-03,-402.010053E-03
-1.025600E-03,-402.010053E-03
-1.023100E-03,-552.763824E-03
-1.020600E-03,-402.010053E-03
-1.018100E-03,-402.010053E-03
-1.015600E-03,-552.763823E-03
-1.013100E-03,-402.010053E-03
-1.010600E-03,-452.261310E-03
-1.008100E-03,-351.758797E-03
-1.005600E-03,-402.010053E-03
-1.003100E-03,-402.010053E-03
-1.000600E-03,-402.010053E-03
-998.100E-06,-402.010053E-03
-995.600E-06,-402.010053E-03
-993.100E-06,-402.010053E-03
-990.600E-06,-402.010053E-03
-988.100E-06,-402.010053E-03
-985.600E-06,-402.010053E-03
-983.100E-06,-402.010053E-03
-980.600E-06,-452.261310E-03
-978.100E-06,-402.010053E-03
-975.600E-06,-150.753770E-03
-973.100E-06,-402.010053E-03
-970.600E-06,-402.010053E-03
-968.100E-06,-402.010053E-03
-965.600E-06,-804.020107E-03
-963.100E-06,-402.010053E-03
-960.600E-06,-402.010053E-03
-958.100E-06,-402.010053E-03
-955.600E-06,-402.010053E-03
-953.100E-06,-402.010053E-03
-950.600E-06,-402.010053E-03
-948.100E-06,-402.010053E-03
-945.600E-06,-402.010053E-03
-943.100E-06,-402.010053E-03
-940.600E-06,-753.768850E-03
-938.100E-06,-402.010053E-03
-935.600E-06,-402.010053E-03
-933.100E-06,-402.010053E-03
-930.600E-06,-402.010053E-03
-928.100E-06,-402.010053E-03
-925.600E-06,-402.010053E-03
-923.100E-06,-804.020107E-03
-920.600E-06,-402.010053E-03
-918.100E-06,-402.010053E-03
-915.600E-06,-402.010053E-03
-913.100E-06,-402.010053E-03
-910.600E-06,-402.010053E-03
-908.100E-06,-402.010053E-03
-905.600E-06,-150.753770E-03
-903.100E-06,-653.266336E-03
-900.600E-06,-402.010053E-03
-898.100E-06,-402.010053E-03
-895.600E-06,-402.010053E-03
-893.100E-06,-402.010053E-03
-890.600E-06,-753.768850E-03
-888.100E-06,-402.010053E-03
-885.600E-06,-402.010053E-03
-883.100E-06,-150.753770E-03
-880.600E-06,-452.261310E-03
-878.100E-06,-402.010053E-03
-875.600E-06,-402.010053E-03
-873.100E-06,-552.763824E-03
-870.600E-06,-452.261310E-03
-868.100E-06,-402.010053E-03
-865.600E-06,-402.010053E-03
-863.100E-06,-402.010053E-03
-860.600E-06,-402.010053E-03
-858.100E-06,-402.010053E-03
-855.600E-06,-402.010053E-03
-853.100E-06,-402.010053E-03
-850.600E-06,-402.010053E-03
-848.100E-06,-402.010053E-03
-845.600E-06,-402.010053E-03
-843.100E-06,-402.010053E-03
-840.600E-06,-402.010053E-03
-838.100E-06,-402.010053E-03
-835.600E-06,-150.753770E-03
-833.100E-06,-402.010053E-03
-830.600E-06,-804.020107E-03
-828.100E-06,-50.251256E-03
-825.600E-06,-402.010053E-03
-823.100E-06,-653.266336E-03
-820.600E-06,-402.010053E-03
-818.100E-06,-402.010053E-03
-815.600E-06,-402.010053E-03
-813.100E-06,-552.763824E-03
-810.600E-06,-402.010053E-03
-808.100E-06,-452.261310E-03
-805.600E-06,-150.753770E-03
-803.100E-06,-402.010053E-03
-800.600E-06,-402.010053E-03
-798.100E-06,-402.010053E-03
-795.600E-06,-402.010053E-03
-793.100E-06,-402.010053E-03
-790.600E-06,-402.010053E-03
-788.100E-06,-402.010053E-03
-785.600E-06,-251.256284E-03
-783.100E-06,-402.010053E-03
-780.600E-06,-402.010053E-03
-778.100E-06,-402.010053E-03
-775.600E-06,-402.010053E-03
-773.100E-06,-251.256283E-03
-770.600E-06,-402.010053E-03
-768.100E-06,-753.768850E-03
-765.600E-06,-552.763823E-03
-763.100E-06,-402.010053E-03
-760.600E-06,-402.010053E-03
-758.100E-06,-402.010053E-03
-755.600E-06,-402.010053E-03
-753.100E-06,-402.010053E-03
-750.600E-06,-402.010053E-03
-748.100E-06,-402.010053E-03
-745.600E-06,-402.010053E-03
-743.100E-06,-402.010053E-03
-740.600E-06,-402.010053E-03
-738.100E-06,-50.251256E-03
-735.600E-06,-402.010053E-03
-733.100E-06,-402.010053E-03
-730.600E-06,-402.010053E-03
-728.100E-06,-402.010053E-03
-725.600E-06,-402.010053E-03
-723.100E-06,-402.010053E-03
-720.600E-06,-402.010053E-03
-718.100E-06,-402.010053E-03
-715.600E-06,-402.010053E-03
-713.100E-06,-150.753770E-03
-710.600E-06,-402.010053E-03
-708.100E-06,-402.010053E-03
-705.600E-06,-402.010053E-03
-703.100E-06,-402.010053E-03
-700.600E-06,-452.261310E-03
-698.100E-06,-402.010053E-03
-695.600E-06,-402.010053E-03
-693.100E-06,-402.010053E-03
-690.600E-06,-402.010053E-03
-688.100E-06,-402.010053E-03
-685.600E-06,-402.010053E-03
-683.100E-06,-402.010053E-03
-680.600E-06,-351.758796E-03
-678.100E-06,-402.010053E-03
-675.600E-06,-402.010053E-03
-673.100E-06,-402.010053E-03
-670.600E-06,-351.758796E-03
-668.100E-06,-753.768850E-03
-665.600E-06,-402.010053E-03
-663.100E-06,-150.753770E-03
-660.600E-06,-351.758796E-03
-658.100E-06,-402.010053E-03
-655.600E-06,-552.763823E-03
-653.100E-06,-402.010053E-03
-650.600E-06,-402.010053E-03
-648.100E-06,-753.768850E-03
-645.600E-06,-402.010053E-03
-643.100E-06,-402.010053E-03
-640.600E-06,-402.010053E-03
-638.100E-06,-452.261310E-03
-635.600E-06,-402.010053E-03
-633.100E-06,-402.010053E-03
-630.600E-06,-402.010053E-03
-628.100E-06,-351.758797E-03
-625.600E-06,-402.010053E-03
-623.100E-06,-552.763824E-03
-620.600E-06,-402.010053E-03
-618.100E-06,-402.010053E-03
-615.600E-06,-402.010053E-03
-613.100E-06,-653.266336E-03
-610.600E-06,-402.010053E-03
-608.100E-06,-402.010053E-03
-605.600E-06,-552.763823E-03
-603.100E-06,-402.010053E-03
-600.600E-06,-402.010053E-03
-598.100E-06,-452.261310E-03
-595.600E-06,-552.763823E-03
-593.100E-06,-402.010053E-03
-590.600E-06,-402.010053E-03
-588.100E-06,-402.010053E-03
-585.600E-06,-402.010053E-03
-583.100E-06,-653.266336E-03
-580.600E-06,-402.010053E-03
-578.100E-06,-452.261310E-03
-575.600E-06,-402.010053E-03
-573.100E-06,-552.763824E-03
-570.600E-06,-402.010053E-03
-568.100E-06,-402.010053E-03
-565.600E-06,-402.010053E-03
-563.100E-06,-402.010053E-03
-560.600E-06,-402.010053E-03
-558.100E-06,-402.010053E-03
-555.600E-06,-402.010053E-03
-553.100E-06,-402.010053E-03
-550.600E-06,-402.010053E-03
-548.100E-06,-452.261310E-03
-545.600E-06,-150.753770E-03
-543.100E-06,-402.010053E-03
-540.600E-06,-351.758796E-03
-538.100E-06,-351.758797E-03
-535.600E-06,-402.010053E-03
-533.100E-06,-552.763824E-03
-530.600E-06,-402.010053E-03
-528.100E-06,-402.010053E-03
-525.600E-06,-402.010053E-03
-523.100E-06,-402.010053E-03
-520.600E-06,-402.010053E-03
-518.100E-06,-402.010053E-03
-515.600E-06,-402.010053E-03
-513.100E-06,-402.010053E-03
-510.600E-06,-402.010053E-03
-508.100E-06,-402.010053E-03
-505.600E-06,-402.010053E-03
-503.100E-06,-402.010053E-03
-500.600E-06,-452.261310E-03
-498.100E-06,-402.010053E-03
-495.600E-06,-402.010053E-03
-493.100E-06,-251.256283E-03
-490.600E-06,-402.010053E-03
-488.100E-06,-402.010053E-03
-485.600E-06,-402.010053E-03
-483.100E-06,-251.256283E-03
-480.600E-06,-50.251257E-03
-478.100E-06,-402.010053E-03
-475.600E-06,-150.753770E-03
-473.100E-06,-402.010053E-03
-470.600E-06,-402.010053E-03
-468.100E-06,-402.010053E-03
-465.600E-06,-402.010053E-03
-463.100E-06,-402.010053E-03
-460.600E-06,-402.010053E-03
-458.100E-06,-402.010053E-03
-455.600E-06,-402.010053E-03
-453.100E-06,-402.010053E-03
-450.600E-06,-402.010053E-03
-448.100E-06,-402.010053E-03
-445.600E-06,-402.010053E-03
-443.100E-06,-402.010053E-03
-440.600E-06,-402.010053E-03
-438.100E-06,-402.010053E-03
-435.600E-06,-402.010053E-03
-433.100E-06,-402.010053E-03
-430.600E-06,-402.010053E-03
-428.100E-06,-402.010053E-03
-425.600E-06,-402.010053E-03
-423.100E-06,-402.010053E-03
-420.600E-06,-402.010053E-03
-418.100E-06,-402.010053E-03
-415.600E-06,-402.010053E-03
-413.100E-06,-653.266336E-03
-410.600E-06,-402.010053E-03
-408.100E-06,-753.768850E-03
-405.600E-06,-552.763823E-03
-403.100E-06,-402.010053E-03
-400.600E-06,-402.010053E-03
-398.100E-06,-402.010053E-03
-395.600E-06,-150.753770E-03
-393.100E-06,-402.010053E-03
-390.600E-06,-402.010053E-03
-388.100E-06,-402.010053E-03
-385.600E-06,-402.010053E-03
-383.100E-06,-402.010053E-03
-380.600E-06,-402.010053E-03
-378.100E-06,-402.010053E-03
-375.600E-06,-402.010053E-03
-373.100E-06,-402.010053E-03
-370.600E-06,-402.010053E-03
-368.100E-06,-402.010053E-03
-365.600E-06,-150.753770E-03
-363.100E-06,-402.010053E-03
-360.600E-06,-402.010053E-03
-358.100E-06,-351.758797E-03
-355.600E-06,-402.010053E-03
-353.100E-06,-251.256283E-03
-350.600E-06,-402.010053E-03
-348.100E-06,-402.010053E-03
-345.600E-06,-402.010053E-03
-343.100E-06,-402.010053E-03
-340.600E-06,-753.768850E-03
-338.100E-06,-402.010053E-03
-335.600E-06,-402.010053E-03
-333.100E-06,-402.010053E-03
-330.600E-06,-402.010053E-03
-328.100E-06,-351.758797E-03
-325.600E-06,-402.010053E-03
-323.100E-06,-402.010053E-03
-320.600E-06,-402.010053E-03
-318.100E-06,-402.010053E-03
-315.600E-06,-251.256284E-03
-313.100E-06,-402.010053E-03
-310.600E-06,-402.010053E-03
-308.100E-06,-402.010053E-03
-305.600E-06,-402.010053E-03
-303.100E-06,-402.010053E-03
-300.600E-06,-452.261310E-03
-298.100E-06,-402.010053E-03
-295.600E-06,-402.010053E-03
-293.100E-06,-402.010053E-03
-290.600E-06,-402.010053E-03
-288.100E-06,-402.010053E-03
-285.600E-06,-150.753770E-03
-283.100E-06,-402.010053E-03
-280.600E-06,-402.010053E-03
-278.100E-06,-402.010053E-03
-275.600E-06,-402.010053E-03
-273.100E-06,-402.010053E-03
-270.600E-06,-402.010053E-03
-268.100E-06,-402.010053E-03
-265.600E-06,-402.010053E-03
-263.100E-06,-402.010053E-03
-260.600E-06,-402.010053E-03
-258.100E-06,-402.010053E-03
-255.600E-06,-251.256284E-03
-253.100E-06,-402.010053E-03
-250.600E-06,-402.010053E-03
-248.100E-06,-402.010053E-03
-245.600E-06,-552.763823E-03
-243.100E-06,-402.010053E-03
-240.600E-06,-402.010053E-03
-238.100E-06,-402.010053E-03
-235.600E-06,-402.010053E-03
-233.100E-06,-402.010053E-03
-230.600E-06,-402.010053E-03
-228.100E-06,-402.010053E-03
-225.600E-06,-402.010053E-03
-223.100E-06,-402.010053E-03
-220.600E-06,-402.010053E-03
-218.100E-06,-402.010053E-03
-215.600E-06,-150.753770E-03
-213.100E-06,-402.010053E-03
-210.600E-06,-402.010053E-03
-208.100E-06,-402.010053E-03
-205.600E-06,-402.010053E-03
-203.100E-06,-402.010053E-03
-200.600E-06,-402.010053E-03
-198.100E-06,-402.010053E-03
-195.600E-06,-402.010053E-03
-193.100E-06,-150.753770E-03
-190.600E-06,-402.010053E-03
-188.100E-06,-402.010053E-03
-185.600E-06,-402.010053E-03
-183.100E-06,-402.010053E-03
-180.600E-06,-402.010053E-03
-178.100E-06,-402.010053E-03
-175.600E-06,-402.010053E-03
-173.100E-06,-552.763824E-03
-170.600E-06,-402.010053E-03
-168.100E-06,-402.010053E-03
-165.600E-06,-402.010053E-03
-163.100E-06,-552.763824E-03
-160.600E-06,-402.010053E-03
-158.100E-06,-402.010053E-03
-155.600E-06,-402.010053E-03
-153.100E-06,-402.010053E-03
-150.600E-06,-402.010053E-03
-148.100E-06,-402.010053E-03
-145.600E-06,-402.010053E-03
-143.100E-06,-402.010053E-03
-140.600E-06,-402.010053E-03
-138.100E-06,-402.010053E-03
-135.600E-06,-402.010053E-03
-133.100E-06,-804.020107E-03
-130.600E-06,-402.010053E-03
-128.100E-06,-402.010053E-03
-125.600E-06,-402.010053E-03
-123.100E-06,+0.0E+00
-120.600E-06,-351.758796E-03
-118.100E-06,-402.010053E-03
-115.600E-06,-402.010053E-03
-113.100E-06,-402.010053E-03
-110.600E-06,-402.010053E-03
-108.100E-06,-402.010053E-03
-105.600E-06,-402.010053E-03
-103.100E-06,-402.010053E-03
-100.600E-06,+351.758796E-03
-98.100E-06,+402.010053E-03
-95.600E-06,+804.020107E-03
-93.100E-06,+1.055276390E+00
-90.600E-06,+1.155778903E+00
-88.100E-06,+1.256281417E+00
-85.600E-06,+1.608040214E+00
-83.100E-06,+2.010050267E+00
-80.600E-06,+2.010050267E+00
-78.100E-06,+2.361809064E+00
-75.600E-06,+2.562814090E+00
-73.100E-06,+2.814070374E+00
-70.600E-06,+2.060301524E+00
-68.100E-06,+1.959799011E+00
-65.600E-06,+1.608040214E+00
-63.100E-06,+1.608040214E+00
-60.600E-06,+1.658291471E+00
-58.100E-06,+1.608040214E+00
-55.600E-06,+1.758793983E+00
-53.100E-06,+1.608040214E+00
-50.600E-06,+3.266331684E+00
-48.100E-06,+3.618090481E+00
-45.600E-06,+4.020100534E+00
-43.100E-06,+4.422110587E+00
-40.600E-06,+4.824120641E+00
-38.100E-06,+5.226130694E+00
-35.600E-06,+5.628140748E+00
-33.100E-06,+5.879397031E+00
-30.600E-06,+6.030150801E+00
-28.100E-06,+6.432160854E+00
-25.600E-06,+6.582914624E+00
-23.100E-06,+7.236180961E+00
-20.600E-06,+5.979899544E+00
-18.100E-06,+5.276381951E+00
-15.600E-06,+5.628140748E+00
-13.100E-06,+5.477386977E+00
-10.600E-06,+5.226130694E+00
-8.100E-06,+5.175879438E+00
-5.600E-06,+5.226130694E+00
-3.100E-06,+5.226130694E+00
-600E-09,+7.638191015E+00
+1.900E-06,+8.040201068E+00
+4.400E-06,+8.844221175E+00
+6.900E-06,+9.095477458E+00
+9.400E-06,+9.246231228E+00
+11.900E-06,+10.000000079E+00
+14.400E-06,+10.301507619E+00
+16.900E-06,+10.452261388E+00
+19.400E-06,+10.854271442E+00
+21.900E-06,+11.256281495E+00
+24.400E-06,+11.256281495E+00
+26.900E-06,+11.407035265E+00
+29.400E-06,+10.050251335E+00
+31.900E-06,+9.648241282E+00
+34.400E-06,+9.497487512E+00
+36.900E-06,+9.396984998E+00
+39.400E-06,+9.296482485E+00
+41.900E-06,+9.246231228E+00
+44.400E-06,+9.648241282E+00
+46.900E-06,+9.497487511E+00
+49.400E-06,+12.110552859E+00
+51.900E-06,+12.814070452E+00
+54.400E-06,+13.015075478E+00
+56.900E-06,+13.266331762E+00
+59.400E-06,+13.316583019E+00
+61.900E-06,+14.020100612E+00
+64.400E-06,+14.321608153E+00
+66.900E-06,+14.221105639E+00
+69.400E-06,+14.824120719E+00
+71.900E-06,+14.874371976E+00
+74.400E-06,+15.276382029E+00
+76.900E-06,+15.276382029E+00
+79.400E-06,+14.020100612E+00
+81.900E-06,+13.668341815E+00
+84.400E-06,+13.668341815E+00
+86.900E-06,+13.517588045E+00
+89.400E-06,+13.668341815E+00
+91.900E-06,+13.266331762E+00
+94.400E-06,+13.266331762E+00
+96.900E-06,+13.015075479E+00
+99.400E-06,+15.678392082E+00
+101.900E-06,+16.080402136E+00
+104.400E-06,+16.231155906E+00
+106.900E-06,+16.482412189E+00
+109.400E-06,+16.884422243E+00
+111.900E-06,+16.884422243E+00
+114.400E-06,+16.884422243E+00
+116.900E-06,+17.286432296E+00
+119.400E-06,+17.638191092E+00
+121.900E-06,+17.688442349E+00
+124.400E-06,+17.688442349E+00
+126.900E-06,+18.090452403E+00
+129.400E-06,+16.532663446E+00
+131.900E-06,+16.532663446E+00
+134.400E-06,+16.482412189E+00
+136.900E-06,+16.482412189E+00
+139.400E-06,+16.130653393E+00
+141.900E-06,+16.432160933E+00
+144.400E-06,+16.231155906E+00
+146.900E-06,+16.482412189E+00
+149.400E-06,+18.040201146E+00
+151.900E-06,+18.140703659E+00
+154.400E-06,+18.492462456E+00
+156.900E-06,+18.492462456E+00
+159.400E-06,+18.894472510E+00
+161.900E-06,+18.894472510E+00
+164.400E-06,+19.145728793E+00
+166.900E-06,+19.296482563E+00
+169.400E-06,+19.246231306E+00
+171.900E-06,+19.346733819E+00
+174.400E-06,+19.698492616E+00
+176.900E-06,+19.698492616E+00
+179.400E-06,+18.894472510E+00
+181.900E-06,+18.492462456E+00
+184.400E-06,+18.492462456E+00
+186.900E-06,+18.492462456E+00
+189.400E-06,+18.492462456E+00
+191.900E-06,+18.492462456E+00
+194.400E-06,+18.341708686E+00
+196.900E-06,+18.241206173E+00
+199.400E-06,+19.648241359E+00
+201.900E-06,+19.698492616E+00
+204.400E-06,+20.100502670E+00
+206.900E-06,+20.351758953E+00
+209.400E-06,+20.452261466E+00
+211.900E-06,+20.502512723E+00
+214.400E-06,+20.502512723E+00
+216.900E-06,+20.502512723E+00
+219.400E-06,+20.502512723E+00
+221.900E-06,+20.502512723E+00
+224.400E-06,+20.502512723E+00
+226.900E-06,+20.502512723E+00
+229.400E-06,+20.050251413E+00
+231.900E-06,+19.698492616E+00
+234.400E-06,+19.698492616E+00
+236.900E-06,+19.698492616E+00
+239.400E-06,+19.698492616E+00
+241.900E-06,+19.648241360E+00
+244.400E-06,+19.698492616E+00
+246.900E-06,+19.296482563E+00
+249.400E-06,+20.502512723E+00
+251.900E-06,+20.854271520E+00
+254.400E-06,+20.904522777E+00
+256.900E-06,+20.904522777E+00
+259.400E-06,+20.904522777E+00
+261.900E-06,+20.904522777E+00
+264.400E-06,+20.904522777E+00
+266.900E-06,+20.904522777E+00
+269.400E-06,+20.904522777E+00
+271.900E-06,+20.904522777E+00
+274.400E-06,+20.904522777E+00
+276.900E-06,+20.904522777E+00
+279.400E-06,+20.452261466E+00
+281.900E-06,+20.502512723E+00
+284.400E-06,+20.502512723E+00
+286.900E-06,+20.351758953E+00
+289.400E-06,+20.150753927E+00
+291.900E-06,+20.100502670E+00
+294.400E-06,+20.100502670E+00
+296.900E-06,+20.100502670E+00
+299.400E-06,+20.904522777E+00
+301.900E-06,+21.256281574E+00
+304.400E-06,+20.904522777E+00
+306.900E-06,+21.155779060E+00
+309.400E-06,+21.256281573E+00
+311.900E-06,+21.256281574E+00
+314.400E-06,+20.904522777E+00
+316.900E-06,+20.904522777E+00
+319.400E-06,+20.904522777E+00
+321.900E-06,+20.904522777E+00
+324.400E-06,+20.653266493E+00
+326.900E-06,+20.904522777E+00
+329.400E-06,+20.502512723E+00
+331.900E-06,+20.854271520E+00
+334.400E-06,+20.502512723E+00
+336.900E-06,+20.502512723E+00
+339.400E-06,+20.150753927E+00
+341.900E-06,+20.150753926E+00
+344.400E-06,+20.251256440E+00
+346.900E-06,+20.251256440E+00
+349.400E-06,+20.904522777E+00
+351.900E-06,+21.256281574E+00
+354.400E-06,+20.904522777E+00
+356.900E-06,+20.904522777E+00
+359.400E-06,+20.904522777E+00
+361.900E-06,+20.552763980E+00
+364.400E-06,+20.904522777E+00
+366.900E-06,+20.502512723E+00
+369.400E-06,+20.452261466E+00
+371.900E-06,+20.502512723E+00
+374.400E-06,+20.502512723E+00
+376.900E-06,+20.351758953E+00
+379.400E-06,+20.150753927E+00
+381.900E-06,+20.100502670E+00
+384.400E-06,+20.100502670E+00
+386.900E-06,+20.100502670E+00
+389.400E-06,+20.100502670E+00
+391.900E-06,+20.452261467E+00
+394.400E-06,+20.100502670E+00
+396.900E-06,+20.100502670E+00
+399.400E-06,+20.502512723E+00
+401.900E-06,+20.502512723E+00
+404.400E-06,+20.653266493E+00
+406.900E-06,+20.653266494E+00
+409.400E-06,+20.502512723E+00
+411.900E-06,+20.502512723E+00
+414.400E-06,+20.100502670E+00
+416.900E-06,+20.502512723E+00
+419.400E-06,+20.452261466E+00
+421.900E-06,+20.100502670E+00
+424.400E-06,+20.100502670E+00
+426.900E-06,+20.100502670E+00
+429.400E-06,+19.748743873E+00
+431.900E-06,+20.100502670E+00
+434.400E-06,+20.100502670E+00
+436.900E-06,+20.100502670E+00
+439.400E-06,+20.100502670E+00
+441.900E-06,+19.698492616E+00
+444.400E-06,+19.849246386E+00
+446.900E-06,+19.949748900E+00
+449.400E-06,+20.150753927E+00
+451.900E-06,+20.502512723E+00
+454.400E-06,+20.502512723E+00
+456.900E-06,+20.351758953E+00
+459.400E-06,+20.502512723E+00
+461.900E-06,+20.502512723E+00
+464.400E-06,+20.351758953E+00
+466.900E-06,+20.100502670E+00
+469.400E-06,+20.150753927E+00
+471.900E-06,+20.100502670E+00
+474.400E-06,+20.100502670E+00
+476.900E-06,+20.100502670E+00
+479.400E-06,+19.698492616E+00
+481.900E-06,+19.698492616E+00
+484.400E-06,+20.100502670E+00
+486.900E-06,+19.698492616E+00
+489.400E-06,+19.698492616E+00
+491.900E-06,+19.698492616E+00
+494.400E-06,+19.698492616E+00
+496.900E-06,+19.698492616E+00
+499.400E-06,+20.502512723E+00
+501.900E-06,+20.100502670E+00
+504.400E-06,+20.100502670E+00
+506.900E-06,+20.100502670E+00
+509.400E-06,+20.452261466E+00
+511.900E-06,+20.100502670E+00
+514.400E-06,+20.100502670E+00
+516.900E-06,+20.100502670E+00
+519.400E-06,+20.100502670E+00
+521.900E-06,+20.100502670E+00
+524.400E-06,+19.698492616E+00
+526.900E-06,+19.849246387E+00
+529.400E-06,+19.748743873E+00
+531.900E-06,+19.698492616E+00
+534.400E-06,+19.698492616E+00
+536.900E-06,+19.698492616E+00
+539.400E-06,+19.648241359E+00
+541.900E-06,+19.346733819E+00
+544.400E-06,+19.698492616E+00
+546.900E-06,+19.698492616E+00
+549.400E-06,+20.100502670E+00
+551.900E-06,+20.100502670E+00
+554.400E-06,+20.100502670E+00
+556.900E-06,+20.351758953E+00
+559.400E-06,+20.100502670E+00
+561.900E-06,+20.100502670E+00
+564.400E-06,+19.949748900E+00
+566.900E-06,+19.698492616E+00
+569.400E-06,+19.698492616E+00
+571.900E-06,+19.698492616E+00
+574.400E-06,+19.698492616E+00
+576.900E-06,+19.949748900E+00
+579.400E-06,+19.698492616E+00
+581.900E-06,+19.698492616E+00
+584.400E-06,+19.447236333E+00
+586.900E-06,+19.698492616E+00
+589.400E-06,+19.296482563E+00
+591.900E-06,+19.346733819E+00
+594.400E-06,+19.447236333E+00
+596.900E-06,+19.296482563E+00
+599.400E-06,+20.050251413E+00
+601.900E-06,+19.698492616E+00
+604.400E-06,+19.949748900E+00
+606.900E-06,+20.100502670E+00
+609.400E-06,+19.698492616E+00
+611.900E-06,+19.698492616E+00
+614.400E-06,+20.100502670E+00
+616.900E-06,+19.698492616E+00
+619.400E-06,+19.698492616E+00
+621.900E-06,+19.698492616E+00
+624.400E-06,+19.447236333E+00
+626.900E-06,+19.698492616E+00
+629.400E-06,+19.648241359E+00
+631.900E-06,+19.296482563E+00
+634.400E-06,+19.045226279E+00
+636.900E-06,+19.296482563E+00
+639.400E-06,+19.296482563E+00
+641.900E-06,+19.296482563E+00
+644.400E-06,+19.447236333E+00
+646.900E-06,+19.296482563E+00
+649.400E-06,+19.748743873E+00
+651.900E-06,+20.100502670E+00
+654.400E-06,+19.949748900E+00
+656.900E-06,+19.698492616E+00
+659.400E-06,+20.050251413E+00
+661.900E-06,+19.748743873E+00
+664.400E-06,+19.698492616E+00
+666.900E-06,+19.698492616E+00
+669.400E-06,+19.698492616E+00
+671.900E-06,+19.346733819E+00
+674.400E-06,+19.296482563E+00
+676.900E-06,+19.447236333E+00
+679.400E-06,+19.296482563E+00
+681.900E-06,+19.296482563E+00
+684.400E-06,+19.547738847E+00
+686.900E-06,+19.296482563E+00
+689.400E-06,+19.296482563E+00
+691.900E-06,+19.296482563E+00
+694.400E-06,+19.296482563E+00
+696.900E-06,+19.296482563E+00
+699.400E-06,+19.698492616E+00
+701.900E-06,+19.748743873E+00
+704.400E-06,+19.698492616E+00
+706.900E-06,+19.698492616E+00
+709.400E-06,+19.698492616E+00
+711.900E-06,+19.698492616E+00
+714.400E-06,+19.698492616E+00
+716.900E-06,+19.698492616E+00
+719.400E-06,+19.698492616E+00
+721.900E-06,+19.648241360E+00
+724.400E-06,+19.296482563E+00
+726.900E-06,+19.296482563E+00
+729.400E-06,+19.296482563E+00
+731.900E-06,+19.296482563E+00
+734.400E-06,+19.296482563E+00
+736.900E-06,+19.296482563E+00
+739.400E-06,+19.296482563E+00
+741.900E-06,+19.246231307E+00
+744.400E-06,+19.145728793E+00
+746.900E-06,+19.296482563E+00
+749.400E-06,+19.698492616E+00
+751.900E-06,+19.648241360E+00
+754.400E-06,+19.447236333E+00
+756.900E-06,+19.698492616E+00
+759.400E-06,+19.648241359E+00
+761.900E-06,+19.698492616E+00
+764.400E-06,+19.547738847E+00
+766.900E-06,+19.296482563E+00
+769.400E-06,+19.648241359E+00
+771.900E-06,+19.296482563E+00
+774.400E-06,+19.145728793E+00
+776.900E-06,+19.296482563E+00
+779.400E-06,+19.296482563E+00
+781.900E-06,+19.296482563E+00
+784.400E-06,+19.296482563E+00
+786.900E-06,+18.894472510E+00
+789.400E-06,+18.894472510E+00
+791.900E-06,+19.296482563E+00
+794.400E-06,+19.296482563E+00
+796.900E-06,+18.894472510E+00
+799.400E-06,+19.296482563E+00
+801.900E-06,+19.346733819E+00
+804.400E-06,+19.547738847E+00
+806.900E-06,+19.296482563E+00
+809.400E-06,+19.648241359E+00
+811.900E-06,+19.296482563E+00
+814.400E-06,+19.296482563E+00
+816.900E-06,+19.547738846E+00
+819.400E-06,+19.296482563E+00
+821.900E-06,+19.296482563E+00
+824.400E-06,+19.296482563E+00
+826.900E-06,+19.296482563E+00
+829.400E-06,+19.246231306E+00
+831.900E-06,+18.944723766E+00
+834.400E-06,+18.894472510E+00
+836.900E-06,+18.894472510E+00
+839.400E-06,+18.894472510E+00
+841.900E-06,+18.894472510E+00
+844.400E-06,+19.045226279E+00
+846.900E-06,+18.894472510E+00
+849.400E-06,+19.296482563E+00
+851.900E-06,+19.296482563E+00
+854.400E-06,+19.698492616E+00
+856.900E-06,+19.296482563E+00
+859.400E-06,+19.648241359E+00
+861.900E-06,+19.346733819E+00
+864.400E-06,+19.296482563E+00
+866.900E-06,+19.296482563E+00
+869.400E-06,+19.296482563E+00
+871.900E-06,+19.296482563E+00
+874.400E-06,+19.145728793E+00
+876.900E-06,+19.296482563E+00
+879.400E-06,+18.944723767E+00
+881.900E-06,+18.944723766E+00
+884.400E-06,+18.894472510E+00
+886.900E-06,+18.894472510E+00
+889.400E-06,+18.894472510E+00
+891.900E-06,+18.894472510E+00
+894.400E-06,+18.894472510E+00
+896.900E-06,+18.894472510E+00
+899.400E-06,+19.296482563E+00
+901.900E-06,+19.296482563E+00
+904.400E-06,+19.296482563E+00
+906.900E-06,+19.447236333E+00
+909.400E-06,+19.346733820E+00
+911.900E-06,+19.296482563E+00
+914.400E-06,+19.296482563E+00
+916.900E-06,+19.296482563E+00
+919.400E-06,+19.296482563E+00
+921.900E-06,+18.944723766E+00
+924.400E-06,+19.045226279E+00
+926.900E-06,+19.145728793E+00
+929.400E-06,+19.246231306E+00
+931.900E-06,+18.894472510E+00
+934.400E-06,+18.894472510E+00
+936.900E-06,+18.643216227E+00
+939.400E-06,+18.894472510E+00
+941.900E-06,+18.844221253E+00
+944.400E-06,+18.894472510E+00
+946.900E-06,+18.894472510E+00
+949.400E-06,+19.296482563E+00
+951.900E-06,+19.296482563E+00
+954.400E-06,+19.547738847E+00
+956.900E-06,+19.296482563E+00
+959.400E-06,+19.296482563E+00
+961.900E-06,+19.296482563E+00
+964.400E-06,+19.296482563E+00
+966.900E-06,+19.145728793E+00
+969.400E-06,+18.944723767E+00
+971.900E-06,+19.246231307E+00
+974.400E-06,+18.894472510E+00
+976.900E-06,+18.894472510E+00
+979.400E-06,+18.894472510E+00
+981.900E-06,+18.894472510E+00
+984.400E-06,+19.145728793E+00
+986.900E-06,+18.894472510E+00
+989.400E-06,+18.542713713E+00
+991.900E-06,+18.542713713E+00
+994.400E-06,+18.743718740E+00
+996.900E-06,+18.743718739E+00
+999.400E-06,+19.296482563E+00
+1.001900E-03,+19.296482563E+00
+1.004400E-03,+19.296482563E+00
+1.006900E-03,+19.296482563E+00
+1.009400E-03,+19.296482563E+00
+1.011900E-03,+19.296482563E+00
+1.014400E-03,+19.145728793E+00
+1.016900E-03,+19.145728793E+00
+1.019400E-03,+18.894472510E+00
+1.021900E-03,+19.296482563E+00
+1.024400E-03,+18.894472510E+00
+1.026900E-03,+18.894472510E+00
+1.029400E-03,+18.894472510E+00
+1.031900E-03,+18.844221253E+00
+1.034400E-03,+18.894472510E+00
+1.036900E-03,+18.492462456E+00
+1.039400E-03,+18.542713713E+00
+1.041900E-03,+18.894472510E+00
+1.044400E-03,+18.643216226E+00
+1.046900E-03,+18.643216227E+00
+1.049400E-03,+19.296482563E+00
+1.051900E-03,+19.296482563E+00
+1.054400E-03,+19.296482563E+00
+1.056900E-03,+19.045226280E+00
+1.059400E-03,+18.944723767E+00
+1.061900E-03,+18.944723766E+00
+1.064400E-03,+19.296482563E+00
+1.066900E-03,+19.296482563E+00
+1.069400E-03,+18.894472510E+00
+1.071900E-03,+18.894472510E+00
+1.074400E-03,+18.894472510E+00
+1.076900E-03,+18.894472510E+00
+1.079400E-03,+18.492462456E+00
+1.081900E-03,+18.844221253E+00
+1.084400E-03,+18.643216226E+00
+1.086900E-03,+18.743718739E+00
+1.089400E-03,+18.894472510E+00
+1.091900E-03,+18.844221253E+00
+1.094400E-03,+18.743718740E+00
+1.096900E-03,+18.894472510E+00
+1.099400E-03,+18.944723767E+00
+1.101900E-03,+19.296482563E+00
+1.104400E-03,+19.296482563E+00
+1.106900E-03,+19.296482563E+00
+1.109400E-03,+19.246231306E+00
+1.111900E-03,+18.944723766E+00
+1.114400E-03,+19.145728793E+00
+1.116900E-03,+19.145728793E+00
+1.119400E-03,+18.894472510E+00
+1.121900E-03,+18.894472510E+00
+1.124400E-03,+18.894472510E+00
+1.126900E-03,+18.894472510E+00
+1.129400E-03,+18.844221253E+00
+1.131900E-03,+18.894472510E+00
+1.134400E-03,+18.743718740E+00
+1.136900E-03,+18.743718739E+00
+1.139400E-03,+18.492462456E+00
+1.141900E-03,+18.492462456E+00
+1.144400E-03,+18.743718740E+00
+1.146900E-03,+18.492462456E+00
+1.149400E-03,+18.944723767E+00
+1.151900E-03,+18.944723766E+00
+1.154400E-03,+19.296482563E+00
+1.156900E-03,+18.894472510E+00
+1.159400E-03,+18.894472510E+00
+1.161900E-03,+19.246231307E+00
+1.164400E-03,+18.894472510E+00
+1.166900E-03,+19.145728793E+00
+1.169400E-03,+18.894472510E+00
+1.171900E-03,+19.246231307E+00
+1.174400E-03,+18.894472510E+00
+1.176900E-03,+18.643216227E+00
+1.179400E-03,+18.844221253E+00
+1.181900E-03,+18.492462456E+00
+1.184400E-03,+18.743718740E+00
+1.186900E-03,+18.894472510E+00
+1.189400E-03,+18.844221253E+00
+1.191900E-03,+18.492462456E+00
+1.194400E-03,+18.492462456E+00
+1.196900E-03,+18.492462456E+00
+1.199400E-03,+19.246231306E+00
+1.201900E-03,+19.296482563E+00
+1.204400E-03,+19.045226279E+00
+1.206900E-03,+19.045226280E+00
+1.209400E-03,+18.894472510E+00
+1.211900E-03,+19.246231307E+00
+1.214400E-03,+18.894472510E+00
+1.216900E-03,+18.894472510E+00
+1.219400E-03,+18.894472510E+00
+1.221900E-03,+18.894472510E+00
+1.224400E-03,+18.894472510E+00
+1.226900E-03,+18.643216227E+00
+1.229400E-03,+18.542713713E+00
+1.231900E-03,+18.844221253E+00
+1.234400E-03,+18.492462456E+00
+1.236900E-03,+18.492462456E+00
+1.239400E-03,+18.844221253E+00
+1.241900E-03,+18.492462456E+00
+1.244400E-03,+18.492462456E+00
+1.246900E-03,+18.643216227E+00
+1.249400E-03,+18.894472510E+00
+1.251900E-03,+18.894472510E+00
+1.254400E-03,+18.894472510E+00
+1.256900E-03,+19.145728793E+00
+1.259400E-03,+19.296482563E+00
+1.261900E-03,+19.246231307E+00
+1.264400E-03,+18.894472510E+00
+1.266900E-03,+18.894472510E+00
+1.269400E-03,+18.894472510E+00
+1.271900E-03,+18.542713713E+00
+1.274400E-03,+18.894472510E+00
+1.276900E-03,+18.894472510E+00
+1.279400E-03,+18.844221253E+00
+1.281900E-03,+18.542713713E+00
+1.284400E-03,+18.743718740E+00
+1.286900E-03,+18.492462456E+00
+1.289400E-03,+18.492462456E+00
+1.291900E-03,+18.492462456E+00
+1.294400E-03,+18.492462456E+00
+1.296900E-03,+18.743718739E+00
+1.299400E-03,+18.894472510E+00
+1.301900E-03,+19.246231307E+00
+1.304400E-03,+18.894472510E+00
+1.306900E-03,+18.894472510E+00
+1.309400E-03,+18.894472510E+00
+1.311900E-03,+18.894472510E+00
+1.314400E-03,+19.145728793E+00
+1.316900E-03,+18.894472510E+00
+1.319400E-03,+18.894472510E+00
+1.321900E-03,+18.844221253E+00
+1.324400E-03,+18.894472510E+00
+1.326900E-03,+18.492462456E+00
+1.329400E-03,+18.542713713E+00
+1.331900E-03,+18.492462456E+00
+1.334400E-03,+18.643216226E+00
+1.336900E-03,+18.743718739E+00
+1.339400E-03,+18.492462456E+00
+1.341900E-03,+18.492462456E+00
+1.344400E-03,+18.492462456E+00
+1.346900E-03,+18.492462456E+00
+1.349400E-03,+18.894472510E+00
+1.351900E-03,+18.944723766E+00
+1.354400E-03,+18.894472510E+00
+1.356900E-03,+19.145728793E+00
+1.359400E-03,+18.894472510E+00
+1.361900E-03,+18.542713713E+00
+1.364400E-03,+18.894472510E+00
+1.366900E-03,+18.894472510E+00
+1.369400E-03,+18.894472510E+00
+1.371900E-03,+18.492462456E+00
+1.374400E-03,+18.492462456E+00
+1.376900E-03,+18.492462456E+00
+1.379400E-03,+18.492462456E+00
+1.381900E-03,+18.492462456E+00
+1.384400E-03,+18.492462456E+00
+1.386900E-03,+18.492462456E+00
+1.389400E-03,+18.844221253E+00
+1.391900E-03,+18.492462456E+00
+1.394400E-03,+18.492462456E+00
+1.396900E-03,+18.492462456E+00
+1.399400E-03,+18.894472510E+00
+1.401900E-03,+18.894472510E+00
+1.404400E-03,+19.145728793E+00
+1.406900E-03,+18.894472510E+00
+1.409400E-03,+18.894472510E+00
+1.411900E-03,+19.246231307E+00
+1.414400E-03,+18.894472510E+00
+1.416900E-03,+18.894472510E+00
+1.419400E-03,+18.542713713E+00
+1.421900E-03,+18.492462456E+00
+1.424400E-03,+18.643216226E+00
+1.426900E-03,+18.492462456E+00
+1.429400E-03,+18.492462456E+00
+1.431900E-03,+18.140703659E+00
+1.434400E-03,+18.492462456E+00
+1.436900E-03,+18.492462456E+00
+1.439400E-03,+18.492462456E+00
+1.441900E-03,+18.442211200E+00
+1.444400E-03,+18.492462456E+00
+1.446900E-03,+18.341708686E+00
+1.449400E-03,+18.894472510E+00
+1.451900E-03,+18.894472510E+00
+1.454400E-03,+19.045226279E+00
+1.456900E-03,+18.894472510E+00
+1.459400E-03,+18.944723767E+00
+1.461900E-03,+18.894472510E+00
+1.464400E-03,+18.643216226E+00
+1.466900E-03,+18.894472510E+00
+1.469400E-03,+18.894472510E+00
+1.471900E-03,+18.492462456E+00
+1.474400E-03,+18.643216226E+00
+1.476900E-03,+18.894472510E+00
+1.479400E-03,+18.492462456E+00
+1.481900E-03,+18.140703659E+00
+1.484400E-03,+18.492462456E+00
+1.486900E-03,+18.492462456E+00
+1.489400E-03,+18.492462456E+00
+1.491900E-03,+18.492462456E+00
+1.494400E-03,+18.341708687E+00
+1.496900E-03,+18.241206173E+00
+1.499400E-03,+18.894472510E+00
+1.501900E-03,+18.894472510E+00
+1.504400E-03,+18.894472510E+00
+1.506900E-03,+18.743718739E+00
+1.509400E-03,+18.894472510E+00
+1.511900E-03,+18.844221253E+00
+1.514400E-03,+18.743718740E+00
+1.516900E-03,+18.643216227E+00
+1.519400E-03,+18.844221253E+00
+1.521900E-03,+18.492462456E+00
+1.524400E-03,+18.492462456E+00
+1.526900E-03,+18.492462456E+00
+1.529400E-03,+18.492462456E+00
+1.531900E-03,+18.492462456E+00
+1.534400E-03,+18.492462456E+00
+1.536900E-03,+18.341708686E+00
+1.539400E-03,+18.492462456E+00
+1.541900E-03,+18.090452403E+00
+1.544400E-03,+18.090452403E+00
+1.546900E-03,+18.090452403E+00
+1.549400E-03,+18.894472510E+00
+1.551900E-03,+18.894472510E+00
+1.554400E-03,+18.894472510E+00
+1.556900E-03,+18.894472510E+00
+1.559400E-03,+18.894472510E+00
+1.561900E-03,+18.894472510E+00
+1.564400E-03,+18.643216226E+00
+1.566900E-03,+18.894472510E+00
+1.569400E-03,+18.844221253E+00
+1.571900E-03,+18.492462456E+00
+1.574400E-03,+18.492462456E+00
+1.576900E-03,+18.492462456E+00
+1.579400E-03,+18.492462456E+00
+1.581900E-03,+18.492462456E+00
+1.584400E-03,+18.492462456E+00
+1.586900E-03,+18.492462456E+00
+1.589400E-03,+18.492462456E+00
+1.591900E-03,+18.442211200E+00
+1.594400E-03,+18.341708687E+00
+1.596900E-03,+18.241206173E+00
+1.599400E-03,+18.844221253E+00
+1.601900E-03,+18.542713712E+00
+1.604400E-03,+18.643216226E+00
+1.606900E-03,+18.492462456E+00
+1.609400E-03,+18.894472510E+00
+1.611900E-03,+18.492462456E+00
+1.614400E-03,+18.492462456E+00
+1.616900E-03,+18.894472510E+00
+1.619400E-03,+18.542713713E+00
+1.621900E-03,+18.542713712E+00
+1.624400E-03,+18.743718740E+00
+1.626900E-03,+18.492462456E+00
+1.629400E-03,+18.492462456E+00
+1.631900E-03,+18.492462456E+00
+1.634400E-03,+18.341708687E+00
+1.636900E-03,+18.492462456E+00
+1.639400E-03,+18.090452403E+00
+1.641900E-03,+18.140703659E+00
+1.644400E-03,+18.241206172E+00
+1.646900E-03,+18.090452403E+00
+1.649400E-03,+18.844221253E+00
+1.651900E-03,+18.894472510E+00
+1.654400E-03,+18.643216226E+00
+1.656900E-03,+18.894472510E+00
+1.659400E-03,+18.894472510E+00
+1.661900E-03,+18.894472510E+00
+1.664400E-03,+18.894472510E+00
+1.666900E-03,+18.492462456E+00
+1.669400E-03,+18.492462456E+00
+1.671900E-03,+18.492462456E+00
+1.674400E-03,+18.492462456E+00
+1.676900E-03,+18.492462456E+00
+1.679400E-03,+18.492462456E+00
+1.681900E-03,+18.492462456E+00
+1.684400E-03,+18.090452403E+00
+1.686900E-03,+18.341708686E+00
+1.689400E-03,+18.090452403E+00
+1.691900E-03,+18.492462456E+00
+1.694400E-03,+18.241206172E+00
+1.696900E-03,+18.341708686E+00
+1.699400E-03,+18.542713713E+00
+1.701900E-03,+18.492462456E+00
+1.704400E-03,+18.894472510E+00
+1.706900E-03,+18.743718739E+00
+1.709400E-03,+18.844221253E+00
+1.711900E-03,+18.542713712E+00
+1.714400E-03,+18.894472510E+00
+1.716900E-03,+18.492462456E+00
+1.719400E-03,+18.492462456E+00
+1.721900E-03,+18.492462456E+00
+1.724400E-03,+18.492462456E+00
+1.726900E-03,+18.492462456E+00
+1.729400E-03,+18.442211199E+00
+1.731900E-03,+18.492462456E+00
+1.734400E-03,+18.492462456E+00
+1.736900E-03,+18.090452403E+00
+1.739400E-03,+18.090452403E+00
+1.741900E-03,+18.442211200E+00
+1.744400E-03,+18.341708687E+00
+1.746900E-03,+18.090452403E+00
+1.749400E-03,+18.542713713E+00
+1.751900E-03,+18.844221253E+00
+1.754400E-03,+18.492462456E+00
+1.756900E-03,+18.743718739E+00
+1.759400E-03,+18.894472510E+00
+1.761900E-03,+18.542713712E+00
+1.764400E-03,+18.643216226E+00
+1.766900E-03,+18.492462456E+00
+1.769400E-03,+18.844221253E+00
+1.771900E-03,+18.492462456E+00
+1.774400E-03,+18.492462456E+00
+1.776900E-03,+18.492462456E+00
+1.779400E-03,+18.492462456E+00
+1.781900E-03,+18.442211200E+00
+1.784400E-03,+18.341708687E+00
+1.786900E-03,+18.090452403E+00
+1.789400E-03,+18.090452403E+00
+1.791900E-03,+18.090452403E+00
+1.794400E-03,+17.939698633E+00
+1.796900E-03,+18.090452403E+00
+1.799400E-03,+18.542713713E+00
+1.801900E-03,+18.844221253E+00
+1.804400E-03,+18.492462456E+00
+1.806900E-03,+18.492462456E+00
+1.809400E-03,+18.844221252E+00
+1.811900E-03,+18.492462456E+00
+1.814400E-03,+18.643216226E+00
+1.816900E-03,+18.492462456E+00
+1.819400E-03,+18.492462456E+00
+1.821900E-03,+18.492462456E+00
+1.824400E-03,+18.492462456E+00
+1.826900E-03,+18.241206173E+00
+1.829400E-03,+18.492462456E+00
+1.831900E-03,+18.140703659E+00
+1.834400E-03,+18.341708687E+00
+1.836900E-03,+18.241206173E+00
+1.839400E-03,+18.090452403E+00
+1.841900E-03,+18.442211200E+00
+1.844400E-03,+18.090452403E+00
+1.846900E-03,+18.090452403E+00
+1.849400E-03,+18.542713713E+00
+1.851900E-03,+18.492462456E+00
+1.854400E-03,+18.894472510E+00
+1.856900E-03,+18.643216227E+00
+1.859400E-03,+18.492462456E+00
+1.861900E-03,+18.542713712E+00
+1.864400E-03,+18.743718740E+00
+1.866900E-03,+18.492462456E+00
+1.869400E-03,+18.492462456E+00
+1.871900E-03,+18.492462456E+00
+1.874400E-03,+18.341708687E+00
+1.876900E-03,+18.341708686E+00
+1.879400E-03,+18.090452403E+00
+1.881900E-03,+18.442211200E+00
+1.884400E-03,+18.090452403E+00
+1.886900E-03,+18.090452403E+00
+1.889400E-03,+18.492462456E+00
+1.891900E-03,+18.090452403E+00
+1.894400E-03,+18.090452403E+00
+1.896900E-03,+18.090452403E+00
+1.899400E-03,+18.492462456E+00
+1.901900E-03,+18.542713712E+00
+1.904400E-03,+18.492462456E+00
+1.906900E-03,+18.743718739E+00
+1.909400E-03,+18.492462456E+00
+1.911900E-03,+18.542713712E+00
+1.914400E-03,+18.643216226E+00
+1.916900E-03,+18.492462456E+00
+1.919400E-03,+18.492462456E+00
+1.921900E-03,+18.140703659E+00
+1.924400E-03,+18.492462456E+00
+1.926900E-03,+18.241206173E+00
+1.929400E-03,+18.140703660E+00
+1.931900E-03,+18.090452403E+00
+1.934400E-03,+18.090452403E+00
+1.936900E-03,+18.492462456E+00
+1.939400E-03,+18.090452403E+00
+1.941900E-03,+18.140703659E+00
+1.944400E-03,+18.241206172E+00
+1.946900E-03,+18.090452403E+00
+1.949400E-03,+18.442211199E+00
+1.951900E-03,+18.844221253E+00
+1.954400E-03,+18.643216226E+00
+1.956900E-03,+18.492462456E+00
+1.959400E-03,+18.492462456E+00
+1.961900E-03,+18.492462456E+00
+1.964400E-03,+18.492462456E+00
+1.966900E-03,+18.643216227E+00
+1.969400E-03,+18.442211199E+00
+1.971900E-03,+18.492462456E+00
+1.974400E-03,+18.492462456E+00
+1.976900E-03,+18.341708686E+00
+1.979400E-03,+18.492462456E+00
+1.981900E-03,+18.090452403E+00
+1.984400E-03,+18.090452403E+00
+1.986900E-03,+18.090452403E+00
+1.989400E-03,+18.090452403E+00
+1.991900E-03,+18.090452403E+00
+1.994400E-03,+18.090452403E+00
+1.996900E-03,+18.090452403E+00
+1.999400E-03,+18.542713713E+00
+2.001900E-03,+18.492462456E+00
+2.004400E-03,+18.492462456E+00
+2.006900E-03,+18.743718739E+00
+2.009400E-03,+18.542713713E+00
+2.011900E-03,+18.542713712E+00
+2.014400E-03,+18.643216226E+00
+2.016900E-03,+18.743718739E+00
+2.019400E-03,+18.492462456E+00
+2.021900E-03,+18.140703659E+00
+2.024400E-03,+18.241206172E+00
+2.026900E-03,+18.241206173E+00
+2.029400E-03,+18.140703660E+00
+2.031900E-03,+18.090452403E+00
+2.034400E-03,+18.341708687E+00
+2.036900E-03,+18.090452403E+00
+2.039400E-03,+18.090452403E+00
+2.041900E-03,+18.090452403E+00
+2.044400E-03,+18.090452403E+00
+2.046900E-03,+18.241206173E+00
+2.049400E-03,+18.492462456E+00
+2.051900E-03,+18.492462456E+00
+2.054400E-03,+18.492462456E+00
+2.056900E-03,+18.743718739E+00
+2.059400E-03,+18.492462456E+00
+2.061900E-03,+18.492462456E+00
+2.064400E-03,+18.492462456E+00
+2.066900E-03,+18.643216227E+00
+2.069400E-03,+18.140703660E+00
+2.071900E-03,+18.492462456E+00
+2.074400E-03,+18.492462456E+00
+2.076900E-03,+18.090452403E+00
+2.079400E-03,+18.442211199E+00
+2.081900E-03,+18.492462456E+00
+2.084400E-03,+18.241206172E+00
+2.086900E-03,+18.341708686E+00
+2.089400E-03,+18.140703660E+00
+2.091900E-03,+18.090452403E+00
+2.094400E-03,+18.090452403E+00
+2.096900E-03,+18.241206173E+00
+2.099400E-03,+18.492462456E+00
+2.101900E-03,+18.844221253E+00
+2.104400E-03,+18.492462456E+00
+2.106900E-03,+18.743718739E+00
+2.109400E-03,+18.492462456E+00
+2.111900E-03,+18.542713712E+00
+2.114400E-03,+18.492462456E+00
+2.116900E-03,+18.743718739E+00
+2.119400E-03,+18.492462456E+00
+2.121900E-03,+18.492462456E+00
+2.124400E-03,+18.492462456E+00
+2.126900E-03,+18.341708686E+00
+2.129400E-03,+18.442211199E+00
+2.131900E-03,+18.140703659E+00
+2.134400E-03,+18.090452403E+00
+2.136900E-03,+18.241206173E+00
+2.139400E-03,+18.442211199E+00
+2.141900E-03,+18.090452403E+00
+2.144400E-03,+18.090452403E+00
+2.146900E-03,+18.090452403E+00
+2.149400E-03,+18.542713713E+00
+2.151900E-03,+18.492462456E+00
+2.154400E-03,+18.643216226E+00
+2.156900E-03,+18.743718739E+00
+2.159400E-03,+18.542713713E+00
+2.161900E-03,+18.894472510E+00
+2.164400E-03,+18.492462456E+00
+2.166900E-03,+18.492462456E+00
+2.169400E-03,+18.492462456E+00
+2.171900E-03,+18.492462456E+00
+2.174400E-03,+18.492462456E+00
+2.176900E-03,+18.241206173E+00
+2.179400E-03,+18.442211199E+00
+2.181900E-03,+18.442211200E+00
+2.184400E-03,+18.492462456E+00
+2.186900E-03,+18.241206173E+00
+2.189400E-03,+18.090452403E+00
+2.191900E-03,+18.090452403E+00
+2.194400E-03,+17.939698633E+00
+2.196900E-03,+18.090452403E+00
+2.199400E-03,+18.492462456E+00
+2.201900E-03,+18.442211200E+00
+2.204400E-03,+18.492462456E+00
+2.206900E-03,+18.341708686E+00
+2.209400E-03,+18.894472510E+00
+2.211900E-03,+18.492462456E+00
+2.214400E-03,+18.492462456E+00
+2.216900E-03,+18.492462456E+00
+2.219400E-03,+18.492462456E+00
+2.221900E-03,+18.492462456E+00
+2.224400E-03,+18.241206172E+00
+2.226900E-03,+18.241206173E+00
+2.229400E-03,+18.090452403E+00
+2.231900E-03,+18.090452403E+00
+2.234400E-03,+18.090452403E+00
+2.236900E-03,+18.090452403E+00
+2.239400E-03,+18.090452403E+00
+2.241900E-03,+18.040201147E+00
+2.244400E-03,+17.989949888E+00
+2.246900E-03,+17.939698632E+00
+2.249400E-03,+18.492462456E+00
+2.251900E-03,+18.894472510E+00
+2.254400E-03,+18.743718740E+00
+2.256900E-03,+18.492462456E+00
+2.259400E-03,+18.492462456E+00
+2.261900E-03,+18.492462456E+00
+2.264400E-03,+18.492462456E+00
+2.266900E-03,+18.492462456E+00
+2.269400E-03,+18.492462456E+00
+2.271900E-03,+18.492462456E+00
+2.274400E-03,+18.492462456E+00
+2.276900E-03,+18.090452403E+00
+2.279400E-03,+18.090452403E+00
+2.281900E-03,+18.090452403E+00
+2.284400E-03,+18.090452403E+00
+2.286900E-03,+18.090452403E+00
+2.289400E-03,+18.090452403E+00
+2.291900E-03,+17.738693606E+00
+2.294400E-03,+18.090452403E+00
+2.296900E-03,+17.939698632E+00
+2.299400E-03,+18.492462456E+00
+2.301900E-03,+18.844221253E+00
+2.304400E-03,+18.492462456E+00
+2.306900E-03,+18.492462456E+00
+2.309400E-03,+18.492462456E+00
+2.311900E-03,+18.492462456E+00
+2.314400E-03,+18.492462456E+00
+2.316900E-03,+18.492462456E+00
+2.319400E-03,+18.492462456E+00
+2.321900E-03,+18.492462456E+00
+2.324400E-03,+18.341708687E+00
+2.326900E-03,+18.492462456E+00
+2.329400E-03,+18.442211199E+00
+2.331900E-03,+18.090452403E+00
+2.334400E-03,+18.090452403E+00
+2.336900E-03,+18.241206173E+00
+2.339400E-03,+18.090452403E+00
+2.341900E-03,+18.090452403E+00
+2.344400E-03,+18.090452403E+00
+2.346900E-03,+18.090452403E+00
+2.349400E-03,+18.492462456E+00
+2.351900E-03,+18.492462456E+00
+2.354400E-03,+18.492462456E+00
+2.356900E-03,+18.492462456E+00
+2.359400E-03,+18.844221252E+00
+2.361900E-03,+18.542713712E+00
+2.364400E-03,+18.492462456E+00
+2.366900E-03,+18.492462456E+00
+2.369400E-03,+18.492462456E+00
+2.371900E-03,+18.140703659E+00
+2.374400E-03,+18.090452403E+00
+2.376900E-03,+18.492462456E+00
+2.379400E-03,+18.492462456E+00
+2.381900E-03,+18.492462456E+00
+2.384400E-03,+18.090452403E+00
+2.386900E-03,+18.090452403E+00
+2.389400E-03,+18.090452403E+00
+2.391900E-03,+18.040201147E+00
+2.394400E-03,+18.090452403E+00
+2.396900E-03,+18.090452403E+00
+2.399400E-03,+18.492462456E+00
+2.401900E-03,+18.542713712E+00
+2.404400E-03,+18.643216226E+00
+2.406900E-03,+18.492462456E+00
+2.409400E-03,+18.492462456E+00
+2.411900E-03,+18.492462456E+00
+2.414400E-03,+18.643216226E+00
+2.416900E-03,+18.492462456E+00
+2.419400E-03,+18.492462456E+00
+2.421900E-03,+18.442211200E+00
+2.424400E-03,+18.341708687E+00
+2.426900E-03,+18.241206173E+00
+2.429400E-03,+18.442211199E+00
+2.431900E-03,+18.442211200E+00
+2.434400E-03,+18.090452403E+00
+2.436900E-03,+18.241206173E+00
+2.439400E-03,+18.090452403E+00
+2.441900E-03,+18.090452403E+00
+2.444400E-03,+18.090452403E+00
+2.446900E-03,+18.241206173E+00
+2.449400E-03,+18.492462456E+00
+2.451900E-03,+18.542713712E+00
+2.454400E-03,+18.492462456E+00
+2.456900E-03,+18.492462456E+00
+2.459400E-03,+18.492462456E+00
+2.461900E-03,+18.492462456E+00
+2.464400E-03,+18.492462456E+00
+2.466900E-03,+18.492462456E+00
+2.469400E-03,+18.492462456E+00
+2.471900E-03,+18.442211200E+00
+2.474400E-03,+18.241206172E+00
+2.476900E-03,+18.492462456E+00
+2.479400E-03,+18.442211199E+00
+2.481900E-03,+18.140703659E+00
+2.484400E-03,+18.090452403E+00
+2.486900E-03,+18.090452403E+00
+2.489400E-03,+17.688442349E+00
+2.491900E-03,+18.442211200E+00
+2.494400E-03,+17.939698633E+00
+2.496900E-03,+18.090452403E+00
+2.499400E-03,+18.492462456E+00
+2.501900E-03,+18.492462456E+00
+2.504400E-03,+18.492462456E+00
+2.506900E-03,+18.492462456E+00
+2.509400E-03,+18.492462456E+00
+2.511900E-03,+18.492462456E+00
+2.514400E-03,+18.643216226E+00
+2.516900E-03,+18.492462456E+00
+2.519400E-03,+18.492462456E+00
+2.521900E-03,+18.492462456E+00
+2.524400E-03,+18.241206172E+00
+2.526900E-03,+18.241206173E+00
