x-axis,1,2,3
second,Volt,Volt,Volt
-11.8500E-06,+750.0000000E-03,+12.4999993E-03,-1.3249998093E+00
-11.8400E-06,+750.0000000E-03,+12.4999993E-03,-1.3249998093E+00
-11.8300E-06,+750.0000000E-03,-18.7500007E-03,-1.3874998093E+00
-11.8200E-06,+750.0000000E-03,-81.2500007E-03,-1.3874998093E+00
-11.8100E-06,+750.0000000E-03,-143.7500007E-03,-1.3874998093E+00
-11.8000E-06,+1.3750000000E+00,-143.7500007E-03,-1.3874998093E+00
-11.7900E-06,+750.0000000E-03,-143.7500007E-03,-1.3874998093E+00
-11.7800E-06,+1.3750000000E+00,-112.5000007E-03,-1.3874998093E+00
-11.7700E-06,+750.0000000E-03,-112.5000007E-03,-1.3249998093E+00
-11.7600E-06,+1.3750000000E+00,-18.7500007E-03,-1.3874998093E+00
-11.7500E-06,+750.0000000E-03,-18.7500007E-03,-1.3874998093E+00
-11.7400E-06,+750.0000000E-03,-81.2500007E-03,-1.3249998093E+00
-11.7300E-06,+1.3750000000E+00,-112.5000007E-03,-1.3249998093E+00
-11.7200E-06,+750.0000000E-03,-143.7500007E-03,-1.3874998093E+00
-11.7100E-06,+750.0000000E-03,-175.0000007E-03,-1.3874998093E+00
-11.7000E-06,+750.0000000E-03,-175.0000007E-03,-1.4499998093E+00
-11.6900E-06,+750.0000000E-03,-175.0000007E-03,-1.3874998093E+00
-11.6800E-06,+750.0000000E-03,-18.7500007E-03,-1.3249998093E+00
-11.6700E-06,+750.0000000E-03,-50.0000007E-03,-1.3874998093E+00
-11.6600E-06,+1.3750000000E+00,-18.7500007E-03,-1.4499998093E+00
-11.6500E-06,+750.0000000E-03,+12.4999993E-03,-1.3874998093E+00
-11.6400E-06,+750.0000000E-03,-50.0000007E-03,-1.3249998093E+00
-11.6300E-06,+750.0000000E-03,-50.0000007E-03,-1.3874998093E+00
-11.6200E-06,+1.3750000000E+00,-143.7500007E-03,-1.3249998093E+00
-11.6100E-06,+750.0000000E-03,-206.2500007E-03,-1.3874998093E+00
-11.6000E-06,+1.3750000000E+00,-143.7500007E-03,-1.3874998093E+00
-11.5900E-06,+750.0000000E-03,-143.7500007E-03,-1.3874998093E+00
-11.5800E-06,+750.0000000E-03,-112.5000007E-03,-1.4499998093E+00
-11.5700E-06,+750.0000000E-03,-112.5000007E-03,-1.3874998093E+00
-11.5600E-06,+1.3750000000E+00,-81.2500007E-03,-1.3874998093E+00
-11.5500E-06,+750.0000000E-03,-81.2500007E-03,-1.3874998093E+00
-11.5400E-06,+750.0000000E-03,-81.2500007E-03,-1.4499998093E+00
-11.5300E-06,+1.3750000000E+00,-175.0000007E-03,-1.4499998093E+00
-11.5200E-06,+1.3750000000E+00,-112.5000007E-03,-1.3874998093E+00
-11.5100E-06,+1.3750000000E+00,-81.2500007E-03,-1.3874998093E+00
-11.5000E-06,+750.0000000E-03,-81.2500007E-03,-1.4499998093E+00
-11.4900E-06,+750.0000000E-03,-18.7500007E-03,-1.3874998093E+00
-11.4800E-06,+1.3750000000E+00,+12.4999993E-03,-1.3249998093E+00
-11.4700E-06,+1.3750000000E+00,+12.4999993E-03,-1.4499998093E+00
-11.4600E-06,+750.0000000E-03,+12.4999993E-03,-1.3874998093E+00
-11.4500E-06,+750.0000000E-03,-18.7500007E-03,-1.3874998093E+00
-11.4400E-06,+1.3750000000E+00,-50.0000007E-03,-1.3874998093E+00
-11.4300E-06,+750.0000000E-03,-112.5000007E-03,-1.4499998093E+00
-11.4200E-06,+750.0000000E-03,-112.5000007E-03,-1.3874998093E+00
-11.4100E-06,+750.0000000E-03,-143.7500007E-03,-1.3874998093E+00
-11.4000E-06,+1.3750000000E+00,-112.5000007E-03,-1.3874998093E+00
-11.3900E-06,+750.0000000E-03,-81.2500007E-03,-1.3874998093E+00
-11.3800E-06,+750.0000000E-03,-81.2500007E-03,-1.4499998093E+00
-11.3700E-06,+1.3750000000E+00,-50.0000007E-03,-1.4499998093E+00
-11.3600E-06,+1.3750000000E+00,-112.5000007E-03,-1.3874998093E+00
-11.3500E-06,+750.0000000E-03,-112.5000007E-03,-1.4499998093E+00
-11.3400E-06,+1.3750000000E+00,-112.5000007E-03,-1.3874998093E+00
-11.3300E-06,+750.0000000E-03,-81.2500007E-03,-1.3874998093E+00
-11.3200E-06,+1.3750000000E+00,-50.0000007E-03,-1.3874998093E+00
-11.3100E-06,+750.0000000E-03,-18.7500007E-03,-1.4499998093E+00
-11.3000E-06,+750.0000000E-03,+74.9999993E-03,-1.4499998093E+00
-11.2900E-06,+1.3750000000E+00,+43.7499993E-03,-1.3874998093E+00
-11.2800E-06,+1.3750000000E+00,+43.7499993E-03,-1.4499998093E+00
-11.2700E-06,+750.0000000E-03,-18.7500007E-03,-1.3874998093E+00
-11.2600E-06,+1.3750000000E+00,-112.5000007E-03,-1.4499998093E+00
-11.2500E-06,+750.0000000E-03,-175.0000007E-03,-1.3874998093E+00
-11.2400E-06,+125.0000000E-03,-143.7500007E-03,-1.3874998093E+00
-11.2300E-06,+750.0000000E-03,-143.7500007E-03,-1.4499998093E+00
-11.2200E-06,+750.0000000E-03,-143.7500007E-03,-1.4499998093E+00
-11.2100E-06,+125.0000000E-03,-50.0000007E-03,-1.3874998093E+00
-11.2000E-06,+1.3750000000E+00,-18.7500007E-03,-1.3874998093E+00
-11.1900E-06,+750.0000000E-03,+12.4999993E-03,-1.3874998093E+00
-11.1800E-06,+750.0000000E-03,-18.7500007E-03,-1.4499998093E+00
-11.1700E-06,+750.0000000E-03,-18.7500007E-03,-1.4499998093E+00
-11.1600E-06,+1.3750000000E+00,-81.2500007E-03,-1.3874998093E+00
-11.1500E-06,+1.3750000000E+00,-81.2500007E-03,-1.4499998093E+00
-11.1400E-06,+750.0000000E-03,-81.2500007E-03,-1.3874998093E+00
-11.1300E-06,+750.0000000E-03,-50.0000007E-03,-1.3874998093E+00
-11.1200E-06,+1.3750000000E+00,-18.7500007E-03,-1.3874998093E+00
-11.1100E-06,+750.0000000E-03,+43.7499993E-03,-1.4499998093E+00
-11.1000E-06,+1.3750000000E+00,+74.9999993E-03,-1.4499998093E+00
-11.0900E-06,+750.0000000E-03,+43.7499993E-03,-1.4499998093E+00
-11.0800E-06,+1.3750000000E+00,-50.0000007E-03,-1.3874998093E+00
-11.0700E-06,+750.0000000E-03,-50.0000007E-03,-1.4499998093E+00
-11.0600E-06,+750.0000000E-03,-112.5000007E-03,-1.4499998093E+00
-11.0500E-06,+1.3750000000E+00,-112.5000007E-03,-1.3874998093E+00
-11.0400E-06,+1.3750000000E+00,-81.2500007E-03,-1.4499998093E+00
-11.0300E-06,+750.0000000E-03,-81.2500007E-03,-1.3874998093E+00
-11.0200E-06,+750.0000000E-03,-50.0000007E-03,-1.4499998093E+00
-11.0100E-06,+750.0000000E-03,+12.4999993E-03,-1.3874998093E+00
-11.0000E-06,+1.3750000000E+00,-18.7500007E-03,-1.3874998093E+00
-10.9900E-06,+750.0000000E-03,-18.7500007E-03,-1.4499998093E+00
-10.9800E-06,+1.3750000000E+00,-50.0000007E-03,-1.4499998093E+00
-10.9700E-06,+1.3750000000E+00,-81.2500007E-03,-1.3874998093E+00
-10.9600E-06,+1.3750000000E+00,-81.2500007E-03,-1.3874998093E+00
-10.9500E-06,+750.0000000E-03,-50.0000007E-03,-1.3874998093E+00
-10.9400E-06,+1.3750000000E+00,-18.7500007E-03,-1.4499998093E+00
-10.9300E-06,+750.0000000E-03,+43.7499993E-03,-1.4499998093E+00
-10.9200E-06,+1.3750000000E+00,+12.4999993E-03,-1.3874998093E+00
-10.9100E-06,+750.0000000E-03,+43.7499993E-03,-1.4499998093E+00
-10.9000E-06,+1.3750000000E+00,-18.7500007E-03,-1.4499998093E+00
-10.8900E-06,+750.0000000E-03,-18.7500007E-03,-1.3874998093E+00
-10.8800E-06,+1.3750000000E+00,-81.2500007E-03,-1.4499998093E+00
-10.8700E-06,+750.0000000E-03,-50.0000007E-03,-1.4499998093E+00
-10.8600E-06,+1.3750000000E+00,-50.0000007E-03,-1.5124998093E+00
-10.8500E-06,+750.0000000E-03,-81.2500007E-03,-1.3874998093E+00
-10.8400E-06,+1.3750000000E+00,+43.7499993E-03,-1.3874998093E+00
-10.8300E-06,+125.0000000E-03,+43.7499993E-03,-1.4499998093E+00
-10.8200E-06,+1.3750000000E+00,-112.5000007E-03,-1.4499998093E+00
-10.8100E-06,+750.0000000E-03,+43.7499993E-03,-1.5124998093E+00
-10.8000E-06,+1.3750000000E+00,-143.7500007E-03,-1.3874998093E+00
-10.7900E-06,+750.0000000E-03,-206.2500007E-03,-1.4499998093E+00
-10.7800E-06,+1.3750000000E+00,-112.5000007E-03,-1.4499998093E+00
-10.7700E-06,+750.0000000E-03,-18.7500007E-03,-1.3874998093E+00
-10.7600E-06,+1.3750000000E+00,-18.7500007E-03,-1.4499998093E+00
-10.7500E-06,+750.0000000E-03,-18.7500007E-03,-1.4499998093E+00
-10.7400E-06,+750.0000000E-03,+106.2499993E-03,-1.4499998093E+00
-10.7300E-06,+750.0000000E-03,+74.9999993E-03,-1.3874998093E+00
-10.7200E-06,+1.3750000000E+00,+74.9999993E-03,-1.3874998093E+00
-10.7100E-06,+750.0000000E-03,+43.7499993E-03,-1.4499998093E+00
-10.7000E-06,+750.0000000E-03,-18.7500007E-03,-1.4499998093E+00
-10.6900E-06,+750.0000000E-03,-112.5000007E-03,-1.4499998093E+00
-10.6800E-06,+1.3750000000E+00,-112.5000007E-03,-1.4499998093E+00
-10.6700E-06,+750.0000000E-03,-81.2500007E-03,-1.4499998093E+00
-10.6600E-06,+750.0000000E-03,-50.0000007E-03,-1.4499998093E+00
-10.6500E-06,+1.3750000000E+00,-18.7500007E-03,-1.4499998093E+00
-10.6400E-06,+1.3750000000E+00,+12.4999993E-03,-1.4499998093E+00
-10.6300E-06,+750.0000000E-03,-18.7500007E-03,-1.3874998093E+00
-10.6200E-06,+1.3750000000E+00,-18.7500007E-03,-1.4499998093E+00
-10.6100E-06,+1.3750000000E+00,+12.4999993E-03,-1.4499998093E+00
-10.6000E-06,+1.3750000000E+00,-50.0000007E-03,-1.4499998093E+00
-10.5900E-06,+750.0000000E-03,-50.0000007E-03,-1.4499998093E+00
-10.5800E-06,+2.0000000000E+00,-18.7500007E-03,-1.4499998093E+00
-10.5700E-06,+1.3750000000E+00,+12.4999993E-03,-1.3874998093E+00
-10.5600E-06,+2.0000000000E+00,+12.4999993E-03,-1.3874998093E+00
-10.5500E-06,+1.3750000000E+00,+74.9999993E-03,-1.3874998093E+00
-10.5400E-06,+2.0000000000E+00,+12.4999993E-03,-1.3874998093E+00
-10.5300E-06,+2.0000000000E+00,-18.7500007E-03,-1.3249998093E+00
-10.5200E-06,+2.6250000000E+00,-18.7500007E-03,-1.3249998093E+00
-10.5100E-06,+2.0000000000E+00,-50.0000007E-03,-1.3249998093E+00
-10.5000E-06,+2.6250000000E+00,-50.0000007E-03,-1.3249998093E+00
-10.4900E-06,+2.6250000000E+00,-81.2500007E-03,-1.3249998093E+00
-10.4800E-06,+3.2500000000E+00,-50.0000007E-03,-1.2624998093E+00
-10.4700E-06,+3.2500000000E+00,-18.7500007E-03,-1.2624998093E+00
-10.4600E-06,+3.2500000000E+00,+12.4999993E-03,-1.2624998093E+00
-10.4500E-06,+2.6250000000E+00,-18.7500007E-03,-1.1999998093E+00
-10.4400E-06,+3.2500000000E+00,-18.7500007E-03,-1.2624998093E+00
-10.4300E-06,+3.2500000000E+00,-18.7500007E-03,-1.1999998093E+00
-10.4200E-06,+4.5000000000E+00,-18.7500007E-03,-1.2624998093E+00
-10.4100E-06,+3.2500000000E+00,+43.7499993E-03,-1.2624998093E+00
-10.4000E-06,+3.8750000000E+00,+12.4999993E-03,-1.2624998093E+00
-10.3900E-06,+3.8750000000E+00,-18.7500007E-03,-1.2624998093E+00
-10.3800E-06,+4.5000000000E+00,-18.7500007E-03,-1.1999998093E+00
-10.3700E-06,+4.5000000000E+00,+43.7499993E-03,-1.1999998093E+00
-10.3600E-06,+5.1250000000E+00,+12.4999993E-03,-1.1374998093E+00
-10.3500E-06,+5.1250000000E+00,+12.4999993E-03,-1.1374998093E+00
-10.3400E-06,+5.7500000000E+00,-18.7500007E-03,-1.1374998093E+00
-10.3300E-06,+6.3750000000E+00,-50.0000007E-03,-1.0749998093E+00
-10.3200E-06,+7.6250000000E+00,-50.0000007E-03,-1.0124998093E+00
-10.3100E-06,+7.6250000000E+00,-50.0000007E-03,-949.9998093E-03
-10.3000E-06,+9.5000000000E+00,-50.0000007E-03,-887.4998093E-03
-10.2900E-06,+10.1250000000E+00,-18.7500007E-03,-824.9998093E-03
-10.2800E-06,+11.3750000000E+00,-18.7500007E-03,-637.4998093E-03
-10.2700E-06,+12.0000000000E+00,-50.0000007E-03,-512.4998093E-03
-10.2600E-06,+13.2500000000E+00,-50.0000007E-03,-449.9998093E-03
-10.2500E-06,+13.8750000000E+00,-112.5000007E-03,-324.9998093E-03
-10.2400E-06,+15.1250000000E+00,-112.5000007E-03,-324.9998093E-03
-10.2300E-06,+16.3750000000E+00,-112.5000007E-03,-262.4998093E-03
-10.2200E-06,+17.0000000000E+00,-81.2500007E-03,-199.9998093E-03
-10.2100E-06,+18.2500000000E+00,-50.0000007E-03,-74.9998093E-03
-10.2000E-06,+18.8750000000E+00,-18.7500007E-03,-12.4998093E-03
-10.1900E-06,+20.1250000000E+00,+43.7499993E-03,+50.0001907E-03
-10.1800E-06,+21.3750000000E+00,+43.7499993E-03,+112.5001907E-03
-10.1700E-06,+22.0000000000E+00,+43.7499993E-03,+237.5001907E-03
-10.1600E-06,+22.6250000000E+00,+43.7499993E-03,+362.5001907E-03
-10.1500E-06,+23.8750000000E+00,+12.4999993E-03,+487.5001907E-03
-10.1400E-06,+25.1250000000E+00,-18.7500007E-03,+487.5001907E-03
-10.1300E-06,+25.7500000000E+00,-50.0000007E-03,+487.5001907E-03
-10.1200E-06,+26.3750000000E+00,-18.7500007E-03,+550.0001907E-03
-10.1100E-06,+28.2500000000E+00,-50.0000007E-03,+550.0001907E-03
-10.1000E-06,+29.5000000000E+00,-18.7500007E-03,+550.0001907E-03
-10.0900E-06,+29.5000000000E+00,-50.0000007E-03,+550.0001907E-03
-10.0800E-06,+30.7500000000E+00,-18.7500007E-03,+612.5001907E-03
-10.0700E-06,+32.0000000000E+00,-18.7500007E-03,+612.5001907E-03
-10.0600E-06,+33.2500000000E+00,-50.0000007E-03,+612.5001907E-03
-10.0500E-06,+34.5000000000E+00,-18.7500007E-03,+550.0001907E-03
-10.0400E-06,+35.1250000000E+00,-18.7500007E-03,+612.5001907E-03
-10.0300E-06,+36.3750000000E+00,+12.4999993E-03,+675.0001907E-03
-10.0200E-06,+37.6250000000E+00,+12.4999993E-03,+612.5001907E-03
-10.0100E-06,+38.2500000000E+00,+43.7499993E-03,+675.0001907E-03
-10.0000E-06,+39.5000000000E+00,+43.7499993E-03,+675.0001907E-03
-9.9900E-06,+40.7500000000E+00,+43.7499993E-03,+675.0001907E-03
-9.9800E-06,+41.3750000000E+00,+74.9999993E-03,+612.5001907E-03
-9.9700E-06,+42.6250000000E+00,+12.4999993E-03,+675.0001907E-03
-9.9600E-06,+43.2500000000E+00,-18.7500007E-03,+675.0001907E-03
-9.9500E-06,+44.5000000000E+00,-18.7500007E-03,+675.0001907E-03
-9.9400E-06,+45.7500000000E+00,-18.7500007E-03,+675.0001907E-03
-9.9300E-06,+46.3750000000E+00,+43.7499993E-03,+737.5001907E-03
-9.9200E-06,+48.2500000000E+00,+12.4999993E-03,+737.5001907E-03
-9.9100E-06,+48.8750000000E+00,+12.4999993E-03,+675.0001907E-03
-9.9000E-06,+49.5000000000E+00,-18.7500007E-03,+800.0001907E-03
-9.8900E-06,+50.7500000000E+00,-81.2500007E-03,+737.5001907E-03
-9.8800E-06,+52.0000000000E+00,-50.0000007E-03,+800.0001907E-03
-9.8700E-06,+52.6250000000E+00,-18.7500007E-03,+737.5001907E-03
-9.8600E-06,+53.8750000000E+00,-50.0000007E-03,+737.5001907E-03
-9.8500E-06,+54.5000000000E+00,-18.7500007E-03,+737.5001907E-03
-9.8400E-06,+55.7500000000E+00,-50.0000007E-03,+737.5001907E-03
-9.8300E-06,+56.3750000000E+00,+74.9999993E-03,+737.5001907E-03
-9.8200E-06,+57.0000000000E+00,+137.4999993E-03,+675.0001907E-03
-9.8100E-06,+58.2500000000E+00,+106.2499993E-03,+737.5001907E-03
-9.8000E-06,+59.5000000000E+00,+43.7499993E-03,+737.5001907E-03
-9.7900E-06,+60.1250000000E+00,+74.9999993E-03,+675.0001907E-03
-9.7800E-06,+60.7500000000E+00,+74.9999993E-03,+737.5001907E-03
-9.7700E-06,+62.0000000000E+00,+43.7499993E-03,+737.5001907E-03
-9.7600E-06,+62.6250000000E+00,+74.9999993E-03,+737.5001907E-03
-9.7500E-06,+62.6250000000E+00,+106.2499993E-03,+800.0001907E-03
-9.7400E-06,+64.5000000000E+00,+106.2499993E-03,+800.0001907E-03
-9.7300E-06,+64.5000000000E+00,+137.4999993E-03,+737.5001907E-03
-9.7200E-06,+65.7500000000E+00,+106.2499993E-03,+800.0001907E-03
-9.7100E-06,+65.7500000000E+00,+74.9999993E-03,+862.5001907E-03
-9.7000E-06,+67.0000000000E+00,+43.7499993E-03,+862.5001907E-03
-9.6900E-06,+67.6250000000E+00,+12.4999993E-03,+800.0001907E-03
-9.6800E-06,+67.6250000000E+00,+12.4999993E-03,+862.5001907E-03
-9.6700E-06,+68.2500000000E+00,+12.4999993E-03,+800.0001907E-03
-9.6600E-06,+68.8750000000E+00,+43.7499993E-03,+862.5001907E-03
-9.6500E-06,+69.5000000000E+00,+106.2499993E-03,+800.0001907E-03
-9.6400E-06,+69.5000000000E+00,+168.7499993E-03,+737.5001907E-03
-9.6300E-06,+69.5000000000E+00,+199.9999993E-03,+800.0001907E-03
-9.6200E-06,+70.1250000000E+00,+231.2499993E-03,+800.0001907E-03
-9.6100E-06,+69.5000000000E+00,+199.9999993E-03,+862.5001907E-03
-9.6000E-06,+70.1250000000E+00,+199.9999993E-03,+862.5001907E-03
-9.5900E-06,+70.1250000000E+00,+199.9999993E-03,+800.0001907E-03
-9.5800E-06,+70.7500000000E+00,+199.9999993E-03,+800.0001907E-03
-9.5700E-06,+70.7500000000E+00,+231.2499993E-03,+800.0001907E-03
-9.5600E-06,+70.1250000000E+00,+231.2499993E-03,+800.0001907E-03
-9.5500E-06,+70.1250000000E+00,+262.4999993E-03,+800.0001907E-03
-9.5400E-06,+70.1250000000E+00,+231.2499993E-03,+862.5001907E-03
-9.5300E-06,+70.1250000000E+00,+231.2499993E-03,+800.0001907E-03
-9.5200E-06,+69.5000000000E+00,+199.9999993E-03,+862.5001907E-03
-9.5100E-06,+68.8750000000E+00,+168.7499993E-03,+800.0001907E-03
-9.5000E-06,+68.8750000000E+00,+168.7499993E-03,+862.5001907E-03
-9.4900E-06,+68.2500000000E+00,+199.9999993E-03,+862.5001907E-03
-9.4800E-06,+65.7500000000E+00,+199.9999993E-03,+862.5001907E-03
-9.4700E-06,+63.2500000000E+00,+293.7499993E-03,+862.5001907E-03
-9.4600E-06,+60.7500000000E+00,+324.9999993E-03,+800.0001907E-03
-9.4500E-06,+58.8750000000E+00,+387.4999993E-03,+800.0001907E-03
-9.4400E-06,+56.3750000000E+00,+356.2499993E-03,+862.5001907E-03
-9.4300E-06,+54.5000000000E+00,+387.4999993E-03,+862.5001907E-03
-9.4200E-06,+52.0000000000E+00,+418.7499993E-03,+800.0001907E-03
-9.4100E-06,+50.7500000000E+00,+418.7499993E-03,+800.0001907E-03
-9.4000E-06,+48.8750000000E+00,+418.7499993E-03,+800.0001907E-03
-9.3900E-06,+47.6250000000E+00,+481.2499993E-03,+862.5001907E-03
-9.3800E-06,+46.3750000000E+00,+449.9999993E-03,+862.5001907E-03
-9.3700E-06,+45.7500000000E+00,+481.2499993E-03,+737.5001907E-03
-9.3600E-06,+45.7500000000E+00,+449.9999993E-03,+800.0001907E-03
-9.3500E-06,+45.7500000000E+00,+481.2499993E-03,+862.5001907E-03
-9.3400E-06,+45.1250000000E+00,+418.7499993E-03,+800.0001907E-03
-9.3300E-06,+45.1250000000E+00,+481.2499993E-03,+800.0001907E-03
-9.3200E-06,+43.8750000000E+00,+387.4999993E-03,+800.0001907E-03
-9.3100E-06,+42.6250000000E+00,+449.9999993E-03,+862.5001907E-03
-9.3000E-06,+40.1250000000E+00,+449.9999993E-03,+862.5001907E-03
-9.2900E-06,+39.5000000000E+00,+512.4999993E-03,+800.0001907E-03
-9.2800E-06,+39.5000000000E+00,+606.2499993E-03,+862.5001907E-03
-9.2700E-06,+37.6250000000E+00,+606.2499993E-03,+800.0001907E-03
-9.2600E-06,+36.3750000000E+00,+606.2499993E-03,+800.0001907E-03
-9.2500E-06,+35.1250000000E+00,+606.2499993E-03,+737.5001907E-03
-9.2400E-06,+34.5000000000E+00,+574.9999993E-03,+862.5001907E-03
-9.2300E-06,+33.2500000000E+00,+574.9999993E-03,+800.0001907E-03
-9.2200E-06,+32.0000000000E+00,+543.7499993E-03,+800.0001907E-03
-9.2100E-06,+31.3750000000E+00,+574.9999993E-03,+800.0001907E-03
-9.2000E-06,+30.7500000000E+00,+574.9999993E-03,+737.5001907E-03
-9.1900E-06,+30.1250000000E+00,+637.4999993E-03,+737.5001907E-03
-9.1800E-06,+30.1250000000E+00,+668.7499993E-03,+800.0001907E-03
-9.1700E-06,+28.2500000000E+00,+699.9999993E-03,+800.0001907E-03
-9.1600E-06,+28.8750000000E+00,+699.9999993E-03,+800.0001907E-03
-9.1500E-06,+28.2500000000E+00,+699.9999993E-03,+800.0001907E-03
-9.1400E-06,+27.6250000000E+00,+668.7499993E-03,+862.5001907E-03
-9.1300E-06,+27.0000000000E+00,+637.4999993E-03,+800.0001907E-03
-9.1200E-06,+27.0000000000E+00,+637.4999993E-03,+862.5001907E-03
-9.1100E-06,+26.3750000000E+00,+668.7499993E-03,+800.0001907E-03
-9.1000E-06,+26.3750000000E+00,+731.2499993E-03,+737.5001907E-03
-9.0900E-06,+25.7500000000E+00,+699.9999993E-03,+800.0001907E-03
-9.0800E-06,+25.7500000000E+00,+699.9999993E-03,+800.0001907E-03
-9.0700E-06,+26.3750000000E+00,+731.2499993E-03,+800.0001907E-03
-9.0600E-06,+25.7500000000E+00,+699.9999993E-03,+737.5001907E-03
-9.0500E-06,+25.7500000000E+00,+731.2499993E-03,+737.5001907E-03
-9.0400E-06,+25.7500000000E+00,+731.2499993E-03,+800.0001907E-03
-9.0300E-06,+25.7500000000E+00,+731.2499993E-03,+800.0001907E-03
-9.0200E-06,+25.7500000000E+00,+762.4999993E-03,+800.0001907E-03
-9.0100E-06,+26.3750000000E+00,+793.7499993E-03,+737.5001907E-03
-9.0000E-06,+25.7500000000E+00,+793.7499993E-03,+737.5001907E-03
-8.9900E-06,+25.7500000000E+00,+824.9999993E-03,+800.0001907E-03
-8.9800E-06,+26.3750000000E+00,+762.4999993E-03,+800.0001907E-03
-8.9700E-06,+27.0000000000E+00,+731.2499993E-03,+737.5001907E-03
-8.9600E-06,+27.6250000000E+00,+699.9999993E-03,+800.0001907E-03
-8.9500E-06,+27.0000000000E+00,+731.2499993E-03,+737.5001907E-03
-8.9400E-06,+27.0000000000E+00,+731.2499993E-03,+800.0001907E-03
-8.9300E-06,+27.6250000000E+00,+762.4999993E-03,+737.5001907E-03
-8.9200E-06,+27.6250000000E+00,+793.7499993E-03,+737.5001907E-03
-8.9100E-06,+28.2500000000E+00,+824.9999993E-03,+800.0001907E-03
-8.9000E-06,+28.2500000000E+00,+856.2499993E-03,+800.0001907E-03
-8.8900E-06,+28.8750000000E+00,+856.2499993E-03,+737.5001907E-03
-8.8800E-06,+28.8750000000E+00,+824.9999993E-03,+737.5001907E-03
-8.8700E-06,+29.5000000000E+00,+824.9999993E-03,+800.0001907E-03
-8.8600E-06,+30.1250000000E+00,+856.2499993E-03,+800.0001907E-03
-8.8500E-06,+29.5000000000E+00,+856.2499993E-03,+737.5001907E-03
-8.8400E-06,+30.1250000000E+00,+856.2499993E-03,+737.5001907E-03
-8.8300E-06,+30.1250000000E+00,+918.7499993E-03,+737.5001907E-03
-8.8200E-06,+30.7500000000E+00,+918.7499993E-03,+800.0001907E-03
-8.8100E-06,+31.3750000000E+00,+887.4999993E-03,+737.5001907E-03
-8.8000E-06,+31.3750000000E+00,+887.4999993E-03,+800.0001907E-03
-8.7900E-06,+31.3750000000E+00,+824.9999993E-03,+737.5001907E-03
-8.7800E-06,+32.0000000000E+00,+793.7499993E-03,+800.0001907E-03
-8.7700E-06,+32.0000000000E+00,+762.4999993E-03,+800.0001907E-03
-8.7600E-06,+32.0000000000E+00,+731.2499993E-03,+737.5001907E-03
-8.7500E-06,+32.6250000000E+00,+793.7499993E-03,+737.5001907E-03
-8.7400E-06,+32.6250000000E+00,+824.9999993E-03,+800.0001907E-03
-8.7300E-06,+32.6250000000E+00,+856.2499993E-03,+737.5001907E-03
-8.7200E-06,+33.2500000000E+00,+949.9999993E-03,+737.5001907E-03
-8.7100E-06,+32.6250000000E+00,+1.0124999993E+00,+800.0001907E-03
-8.7000E-06,+33.2500000000E+00,+981.2499993E-03,+737.5001907E-03
-8.6900E-06,+33.8750000000E+00,+918.7499993E-03,+737.5001907E-03
-8.6800E-06,+33.2500000000E+00,+918.7499993E-03,+800.0001907E-03
-8.6700E-06,+33.2500000000E+00,+918.7499993E-03,+737.5001907E-03
-8.6600E-06,+34.5000000000E+00,+887.4999993E-03,+800.0001907E-03
-8.6500E-06,+33.8750000000E+00,+918.7499993E-03,+737.5001907E-03
-8.6400E-06,+33.8750000000E+00,+918.7499993E-03,+737.5001907E-03
-8.6300E-06,+34.5000000000E+00,+918.7499993E-03,+737.5001907E-03
-8.6200E-06,+34.5000000000E+00,+918.7499993E-03,+737.5001907E-03
-8.6100E-06,+34.5000000000E+00,+856.2499993E-03,+737.5001907E-03
-8.6000E-06,+33.8750000000E+00,+856.2499993E-03,+737.5001907E-03
-8.5900E-06,+34.5000000000E+00,+824.9999993E-03,+800.0001907E-03
-8.5800E-06,+35.1250000000E+00,+856.2499993E-03,+737.5001907E-03
-8.5700E-06,+34.5000000000E+00,+856.2499993E-03,+800.0001907E-03
-8.5600E-06,+34.5000000000E+00,+824.9999993E-03,+737.5001907E-03
-8.5500E-06,+34.5000000000E+00,+887.4999993E-03,+737.5001907E-03
-8.5400E-06,+35.1250000000E+00,+887.4999993E-03,+737.5001907E-03
-8.5300E-06,+34.5000000000E+00,+856.2499993E-03,+737.5001907E-03
-8.5200E-06,+34.5000000000E+00,+887.4999993E-03,+737.5001907E-03
-8.5100E-06,+34.5000000000E+00,+887.4999993E-03,+737.5001907E-03
-8.5000E-06,+35.1250000000E+00,+887.4999993E-03,+737.5001907E-03
-8.4900E-06,+35.1250000000E+00,+856.2499993E-03,+737.5001907E-03
-8.4800E-06,+34.5000000000E+00,+856.2499993E-03,+737.5001907E-03
-8.4700E-06,+34.5000000000E+00,+856.2499993E-03,+737.5001907E-03
-8.4600E-06,+35.1250000000E+00,+918.7499993E-03,+737.5001907E-03
-8.4500E-06,+35.1250000000E+00,+949.9999993E-03,+737.5001907E-03
-8.4400E-06,+34.5000000000E+00,+949.9999993E-03,+737.5001907E-03
-8.4300E-06,+34.5000000000E+00,+981.2499993E-03,+800.0001907E-03
-8.4200E-06,+34.5000000000E+00,+887.4999993E-03,+737.5001907E-03
-8.4100E-06,+34.5000000000E+00,+856.2499993E-03,+737.5001907E-03
-8.4000E-06,+34.5000000000E+00,+793.7499993E-03,+737.5001907E-03
-8.3900E-06,+34.5000000000E+00,+793.7499993E-03,+737.5001907E-03
-8.3800E-06,+35.1250000000E+00,+824.9999993E-03,+737.5001907E-03
-8.3700E-06,+34.5000000000E+00,+856.2499993E-03,+737.5001907E-03
-8.3600E-06,+34.5000000000E+00,+856.2499993E-03,+737.5001907E-03
-8.3500E-06,+34.5000000000E+00,+918.7499993E-03,+675.0001907E-03
-8.3400E-06,+35.1250000000E+00,+887.4999993E-03,+800.0001907E-03
-8.3300E-06,+34.5000000000E+00,+856.2499993E-03,+737.5001907E-03
-8.3200E-06,+34.5000000000E+00,+824.9999993E-03,+737.5001907E-03
-8.3100E-06,+34.5000000000E+00,+824.9999993E-03,+675.0001907E-03
-8.3000E-06,+35.1250000000E+00,+824.9999993E-03,+737.5001907E-03
-8.2900E-06,+34.5000000000E+00,+856.2499993E-03,+800.0001907E-03
-8.2800E-06,+34.5000000000E+00,+856.2499993E-03,+737.5001907E-03
-8.2700E-06,+33.8750000000E+00,+887.4999993E-03,+737.5001907E-03
-8.2600E-06,+33.8750000000E+00,+949.9999993E-03,+737.5001907E-03
-8.2500E-06,+34.5000000000E+00,+887.4999993E-03,+737.5001907E-03
-8.2400E-06,+34.5000000000E+00,+887.4999993E-03,+800.0001907E-03
-8.2300E-06,+34.5000000000E+00,+887.4999993E-03,+737.5001907E-03
-8.2200E-06,+34.5000000000E+00,+824.9999993E-03,+737.5001907E-03
-8.2100E-06,+33.8750000000E+00,+762.4999993E-03,+800.0001907E-03
-8.2000E-06,+33.8750000000E+00,+762.4999993E-03,+737.5001907E-03
-8.1900E-06,+33.8750000000E+00,+762.4999993E-03,+737.5001907E-03
-8.1800E-06,+34.5000000000E+00,+762.4999993E-03,+737.5001907E-03
-8.1700E-06,+33.8750000000E+00,+793.7499993E-03,+737.5001907E-03
-8.1600E-06,+33.8750000000E+00,+824.9999993E-03,+737.5001907E-03
-8.1500E-06,+33.8750000000E+00,+824.9999993E-03,+737.5001907E-03
-8.1400E-06,+33.8750000000E+00,+856.2499993E-03,+737.5001907E-03
-8.1300E-06,+33.8750000000E+00,+824.9999993E-03,+800.0001907E-03
-8.1200E-06,+33.2500000000E+00,+793.7499993E-03,+737.5001907E-03
-8.1100E-06,+33.2500000000E+00,+793.7499993E-03,+737.5001907E-03
-8.1000E-06,+34.5000000000E+00,+856.2499993E-03,+737.5001907E-03
-8.0900E-06,+33.8750000000E+00,+856.2499993E-03,+737.5001907E-03
-8.0800E-06,+33.8750000000E+00,+824.9999993E-03,+737.5001907E-03
-8.0700E-06,+33.8750000000E+00,+824.9999993E-03,+800.0001907E-03
-8.0600E-06,+33.2500000000E+00,+856.2499993E-03,+737.5001907E-03
-8.0500E-06,+33.8750000000E+00,+793.7499993E-03,+737.5001907E-03
-8.0400E-06,+33.8750000000E+00,+793.7499993E-03,+800.0001907E-03
-8.0300E-06,+33.2500000000E+00,+762.4999993E-03,+737.5001907E-03
-8.0200E-06,+33.8750000000E+00,+762.4999993E-03,+800.0001907E-03
-8.0100E-06,+33.8750000000E+00,+793.7499993E-03,+737.5001907E-03
-8.0000E-06,+33.8750000000E+00,+762.4999993E-03,+737.5001907E-03
-7.9900E-06,+33.8750000000E+00,+762.4999993E-03,+800.0001907E-03
-7.9800E-06,+33.8750000000E+00,+731.2499993E-03,+800.0001907E-03
-7.9700E-06,+33.8750000000E+00,+762.4999993E-03,+737.5001907E-03
-7.9600E-06,+33.2500000000E+00,+731.2499993E-03,+800.0001907E-03
-7.9500E-06,+33.2500000000E+00,+762.4999993E-03,+737.5001907E-03
-7.9400E-06,+33.2500000000E+00,+731.2499993E-03,+800.0001907E-03
-7.9300E-06,+33.2500000000E+00,+762.4999993E-03,+800.0001907E-03
-7.9200E-06,+33.2500000000E+00,+731.2499993E-03,+737.5001907E-03
-7.9100E-06,+33.2500000000E+00,+762.4999993E-03,+675.0001907E-03
-7.9000E-06,+33.2500000000E+00,+793.7499993E-03,+737.5001907E-03
-7.8900E-06,+33.2500000000E+00,+731.2499993E-03,+737.5001907E-03
-7.8800E-06,+33.2500000000E+00,+731.2499993E-03,+800.0001907E-03
-7.8700E-06,+32.6250000000E+00,+668.7499993E-03,+737.5001907E-03
-7.8600E-06,+33.2500000000E+00,+668.7499993E-03,+737.5001907E-03
-7.8500E-06,+33.2500000000E+00,+699.9999993E-03,+737.5001907E-03
-7.8400E-06,+32.6250000000E+00,+668.7499993E-03,+737.5001907E-03
-7.8300E-06,+32.6250000000E+00,+668.7499993E-03,+737.5001907E-03
-7.8200E-06,+33.2500000000E+00,+668.7499993E-03,+737.5001907E-03
-7.8100E-06,+33.2500000000E+00,+668.7499993E-03,+737.5001907E-03
-7.8000E-06,+33.2500000000E+00,+699.9999993E-03,+737.5001907E-03
-7.7900E-06,+32.6250000000E+00,+699.9999993E-03,+737.5001907E-03
-7.7800E-06,+32.6250000000E+00,+637.4999993E-03,+737.5001907E-03
-7.7700E-06,+32.6250000000E+00,+606.2499993E-03,+737.5001907E-03
-7.7600E-06,+32.6250000000E+00,+637.4999993E-03,+737.5001907E-03
-7.7500E-06,+32.6250000000E+00,+606.2499993E-03,+737.5001907E-03
-7.7400E-06,+32.6250000000E+00,+668.7499993E-03,+737.5001907E-03
-7.7300E-06,+32.6250000000E+00,+668.7499993E-03,+737.5001907E-03
-7.7200E-06,+32.6250000000E+00,+699.9999993E-03,+737.5001907E-03
-7.7100E-06,+32.0000000000E+00,+699.9999993E-03,+800.0001907E-03
-7.7000E-06,+32.6250000000E+00,+731.2499993E-03,+737.5001907E-03
-7.6900E-06,+32.0000000000E+00,+668.7499993E-03,+737.5001907E-03
-7.6800E-06,+32.6250000000E+00,+637.4999993E-03,+737.5001907E-03
-7.6700E-06,+32.6250000000E+00,+637.4999993E-03,+737.5001907E-03
-7.6600E-06,+32.0000000000E+00,+574.9999993E-03,+737.5001907E-03
-7.6500E-06,+32.0000000000E+00,+606.2499993E-03,+737.5001907E-03
-7.6400E-06,+32.0000000000E+00,+606.2499993E-03,+737.5001907E-03
-7.6300E-06,+32.0000000000E+00,+574.9999993E-03,+737.5001907E-03
-7.6200E-06,+32.0000000000E+00,+606.2499993E-03,+737.5001907E-03
-7.6100E-06,+32.0000000000E+00,+574.9999993E-03,+737.5001907E-03
-7.6000E-06,+32.0000000000E+00,+574.9999993E-03,+800.0001907E-03
-7.5900E-06,+31.3750000000E+00,+543.7499993E-03,+800.0001907E-03
-7.5800E-06,+32.6250000000E+00,+574.9999993E-03,+737.5001907E-03
-7.5700E-06,+32.0000000000E+00,+574.9999993E-03,+737.5001907E-03
-7.5600E-06,+32.0000000000E+00,+637.4999993E-03,+737.5001907E-03
-7.5500E-06,+31.3750000000E+00,+637.4999993E-03,+800.0001907E-03
-7.5400E-06,+31.3750000000E+00,+668.7499993E-03,+800.0001907E-03
-7.5300E-06,+32.0000000000E+00,+668.7499993E-03,+800.0001907E-03
-7.5200E-06,+32.0000000000E+00,+637.4999993E-03,+737.5001907E-03
-7.5100E-06,+31.3750000000E+00,+606.2499993E-03,+737.5001907E-03
-7.5000E-06,+31.3750000000E+00,+543.7499993E-03,+800.0001907E-03
-7.4900E-06,+31.3750000000E+00,+481.2499993E-03,+737.5001907E-03
-7.4800E-06,+31.3750000000E+00,+449.9999993E-03,+737.5001907E-03
-7.4700E-06,+31.3750000000E+00,+512.4999993E-03,+800.0001907E-03
-7.4600E-06,+31.3750000000E+00,+512.4999993E-03,+800.0001907E-03
-7.4500E-06,+31.3750000000E+00,+543.7499993E-03,+737.5001907E-03
-7.4400E-06,+31.3750000000E+00,+512.4999993E-03,+737.5001907E-03
-7.4300E-06,+31.3750000000E+00,+512.4999993E-03,+800.0001907E-03
-7.4200E-06,+30.7500000000E+00,+512.4999993E-03,+800.0001907E-03
-7.4100E-06,+30.7500000000E+00,+481.2499993E-03,+800.0001907E-03
-7.4000E-06,+31.3750000000E+00,+449.9999993E-03,+800.0001907E-03
-7.3900E-06,+31.3750000000E+00,+481.2499993E-03,+737.5001907E-03
-7.3800E-06,+30.7500000000E+00,+481.2499993E-03,+737.5001907E-03
-7.3700E-06,+30.7500000000E+00,+512.4999993E-03,+737.5001907E-03
-7.3600E-06,+30.7500000000E+00,+543.7499993E-03,+800.0001907E-03
-7.3500E-06,+30.1250000000E+00,+574.9999993E-03,+737.5001907E-03
-7.3400E-06,+30.7500000000E+00,+543.7499993E-03,+737.5001907E-03
-7.3300E-06,+30.1250000000E+00,+512.4999993E-03,+737.5001907E-03
-7.3200E-06,+30.1250000000E+00,+449.9999993E-03,+800.0001907E-03
-7.3100E-06,+30.1250000000E+00,+449.9999993E-03,+737.5001907E-03
-7.3000E-06,+30.1250000000E+00,+418.7499993E-03,+737.5001907E-03
-7.2900E-06,+30.7500000000E+00,+418.7499993E-03,+737.5001907E-03
-7.2800E-06,+30.1250000000E+00,+387.4999993E-03,+737.5001907E-03
-7.2700E-06,+30.1250000000E+00,+449.9999993E-03,+737.5001907E-03
-7.2600E-06,+30.7500000000E+00,+449.9999993E-03,+800.0001907E-03
-7.2500E-06,+30.7500000000E+00,+481.2499993E-03,+800.0001907E-03
-7.2400E-06,+30.1250000000E+00,+418.7499993E-03,+737.5001907E-03
-7.2300E-06,+30.1250000000E+00,+387.4999993E-03,+737.5001907E-03
-7.2200E-06,+30.1250000000E+00,+324.9999993E-03,+800.0001907E-03
-7.2100E-06,+29.5000000000E+00,+356.2499993E-03,+737.5001907E-03
-7.2000E-06,+30.1250000000E+00,+324.9999993E-03,+737.5001907E-03
-7.1900E-06,+29.5000000000E+00,+356.2499993E-03,+737.5001907E-03
-7.1800E-06,+30.1250000000E+00,+387.4999993E-03,+737.5001907E-03
-7.1700E-06,+29.5000000000E+00,+387.4999993E-03,+737.5001907E-03
-7.1600E-06,+29.5000000000E+00,+387.4999993E-03,+737.5001907E-03
-7.1500E-06,+29.5000000000E+00,+418.7499993E-03,+737.5001907E-03
-7.1400E-06,+30.1250000000E+00,+418.7499993E-03,+737.5001907E-03
-7.1300E-06,+29.5000000000E+00,+356.2499993E-03,+737.5001907E-03
-7.1200E-06,+29.5000000000E+00,+324.9999993E-03,+737.5001907E-03
-7.1100E-06,+29.5000000000E+00,+356.2499993E-03,+800.0001907E-03
-7.1000E-06,+29.5000000000E+00,+356.2499993E-03,+800.0001907E-03
-7.0900E-06,+28.8750000000E+00,+356.2499993E-03,+737.5001907E-03
-7.0800E-06,+28.8750000000E+00,+324.9999993E-03,+800.0001907E-03
-7.0700E-06,+29.5000000000E+00,+356.2499993E-03,+800.0001907E-03
-7.0600E-06,+28.8750000000E+00,+293.7499993E-03,+800.0001907E-03
-7.0500E-06,+28.8750000000E+00,+262.4999993E-03,+737.5001907E-03
-7.0400E-06,+28.8750000000E+00,+199.9999993E-03,+737.5001907E-03
-7.0300E-06,+28.8750000000E+00,+199.9999993E-03,+737.5001907E-03
-7.0200E-06,+28.8750000000E+00,+231.2499993E-03,+737.5001907E-03
-7.0100E-06,+28.8750000000E+00,+262.4999993E-03,+737.5001907E-03
-7.0000E-06,+28.8750000000E+00,+356.2499993E-03,+737.5001907E-03
-6.9900E-06,+29.5000000000E+00,+356.2499993E-03,+737.5001907E-03
-6.9800E-06,+28.8750000000E+00,+356.2499993E-03,+737.5001907E-03
-6.9700E-06,+28.2500000000E+00,+356.2499993E-03,+737.5001907E-03
-6.9600E-06,+28.8750000000E+00,+324.9999993E-03,+737.5001907E-03
-6.9500E-06,+28.2500000000E+00,+293.7499993E-03,+737.5001907E-03
-6.9400E-06,+28.8750000000E+00,+262.4999993E-03,+737.5001907E-03
-6.9300E-06,+28.2500000000E+00,+231.2499993E-03,+737.5001907E-03
-6.9200E-06,+27.6250000000E+00,+231.2499993E-03,+737.5001907E-03
-6.9100E-06,+28.2500000000E+00,+293.7499993E-03,+737.5001907E-03
-6.9000E-06,+27.6250000000E+00,+293.7499993E-03,+737.5001907E-03
-6.8900E-06,+28.2500000000E+00,+262.4999993E-03,+800.0001907E-03
-6.8800E-06,+27.6250000000E+00,+262.4999993E-03,+737.5001907E-03
-6.8700E-06,+28.2500000000E+00,+199.9999993E-03,+800.0001907E-03
-6.8600E-06,+28.2500000000E+00,+199.9999993E-03,+737.5001907E-03
-6.8500E-06,+27.6250000000E+00,+137.4999993E-03,+737.5001907E-03
-6.8400E-06,+27.6250000000E+00,+106.2499993E-03,+737.5001907E-03
-6.8300E-06,+28.2500000000E+00,+137.4999993E-03,+737.5001907E-03
-6.8200E-06,+27.6250000000E+00,+231.2499993E-03,+737.5001907E-03
-6.8100E-06,+27.6250000000E+00,+231.2499993E-03,+737.5001907E-03
-6.8000E-06,+28.2500000000E+00,+231.2499993E-03,+737.5001907E-03
-6.7900E-06,+27.0000000000E+00,+262.4999993E-03,+737.5001907E-03
-6.7800E-06,+27.6250000000E+00,+231.2499993E-03,+737.5001907E-03
-6.7700E-06,+27.6250000000E+00,+199.9999993E-03,+737.5001907E-03
-6.7600E-06,+27.0000000000E+00,+168.7499993E-03,+675.0001907E-03
-6.7500E-06,+27.6250000000E+00,+137.4999993E-03,+737.5001907E-03
-6.7400E-06,+27.6250000000E+00,+137.4999993E-03,+737.5001907E-03
-6.7300E-06,+27.0000000000E+00,+137.4999993E-03,+737.5001907E-03
-6.7200E-06,+27.6250000000E+00,+168.7499993E-03,+737.5001907E-03
-6.7100E-06,+27.0000000000E+00,+199.9999993E-03,+737.5001907E-03
-6.7000E-06,+27.0000000000E+00,+168.7499993E-03,+737.5001907E-03
-6.6900E-06,+27.0000000000E+00,+168.7499993E-03,+800.0001907E-03
-6.6800E-06,+27.0000000000E+00,+74.9999993E-03,+800.0001907E-03
-6.6700E-06,+27.6250000000E+00,+74.9999993E-03,+800.0001907E-03
-6.6600E-06,+27.0000000000E+00,+74.9999993E-03,+800.0001907E-03
-6.6500E-06,+27.0000000000E+00,+74.9999993E-03,+800.0001907E-03
-6.6400E-06,+27.0000000000E+00,+74.9999993E-03,+800.0001907E-03
-6.6300E-06,+27.0000000000E+00,+168.7499993E-03,+675.0001907E-03
-6.6200E-06,+27.0000000000E+00,+168.7499993E-03,+737.5001907E-03
-6.6100E-06,+27.0000000000E+00,+168.7499993E-03,+737.5001907E-03
-6.6000E-06,+27.0000000000E+00,+137.4999993E-03,+737.5001907E-03
-6.5900E-06,+27.0000000000E+00,+106.2499993E-03,+737.5001907E-03
-6.5800E-06,+27.0000000000E+00,+106.2499993E-03,+737.5001907E-03
-6.5700E-06,+26.3750000000E+00,+74.9999993E-03,+800.0001907E-03
-6.5600E-06,+27.0000000000E+00,+74.9999993E-03,+737.5001907E-03
-6.5500E-06,+26.3750000000E+00,+137.4999993E-03,+800.0001907E-03
-6.5400E-06,+27.0000000000E+00,+168.7499993E-03,+800.0001907E-03
-6.5300E-06,+26.3750000000E+00,+168.7499993E-03,+800.0001907E-03
-6.5200E-06,+26.3750000000E+00,+168.7499993E-03,+800.0001907E-03
-6.5100E-06,+26.3750000000E+00,+137.4999993E-03,+737.5001907E-03
-6.5000E-06,+26.3750000000E+00,+74.9999993E-03,+800.0001907E-03
-6.4900E-06,+26.3750000000E+00,+12.4999993E-03,+737.5001907E-03
-6.4800E-06,+26.3750000000E+00,-50.0000007E-03,+737.5001907E-03
-6.4700E-06,+26.3750000000E+00,-18.7500007E-03,+800.0001907E-03
-6.4600E-06,+26.3750000000E+00,-50.0000007E-03,+737.5001907E-03
-6.4500E-06,+26.3750000000E+00,+43.7499993E-03,+737.5001907E-03
-6.4400E-06,+25.7500000000E+00,+74.9999993E-03,+737.5001907E-03
-6.4300E-06,+25.7500000000E+00,+137.4999993E-03,+737.5001907E-03
-6.4200E-06,+26.3750000000E+00,+137.4999993E-03,+737.5001907E-03
-6.4100E-06,+26.3750000000E+00,+106.2499993E-03,+737.5001907E-03
-6.4000E-06,+25.7500000000E+00,+43.7499993E-03,+800.0001907E-03
-6.3900E-06,+26.3750000000E+00,-18.7500007E-03,+737.5001907E-03
-6.3800E-06,+26.3750000000E+00,-18.7500007E-03,+800.0001907E-03
-6.3700E-06,+26.3750000000E+00,+12.4999993E-03,+737.5001907E-03
-6.3600E-06,+25.7500000000E+00,+43.7499993E-03,+675.0001907E-03
-6.3500E-06,+25.7500000000E+00,+43.7499993E-03,+800.0001907E-03
-6.3400E-06,+25.7500000000E+00,+74.9999993E-03,+737.5001907E-03
-6.3300E-06,+25.7500000000E+00,+43.7499993E-03,+737.5001907E-03
-6.3200E-06,+25.7500000000E+00,+12.4999993E-03,+800.0001907E-03
-6.3100E-06,+25.7500000000E+00,-18.7500007E-03,+800.0001907E-03
-6.3000E-06,+25.7500000000E+00,-81.2500007E-03,+800.0001907E-03
-6.2900E-06,+25.1250000000E+00,-112.5000007E-03,+737.5001907E-03
-6.2800E-06,+25.1250000000E+00,-112.5000007E-03,+737.5001907E-03
-6.2700E-06,+25.1250000000E+00,-18.7500007E-03,+737.5001907E-03
-6.2600E-06,+25.7500000000E+00,+43.7499993E-03,+800.0001907E-03
-6.2500E-06,+25.1250000000E+00,+74.9999993E-03,+737.5001907E-03
-6.2400E-06,+25.1250000000E+00,+74.9999993E-03,+737.5001907E-03
-6.2300E-06,+25.7500000000E+00,+106.2499993E-03,+737.5001907E-03
-6.2200E-06,+25.1250000000E+00,+43.7499993E-03,+737.5001907E-03
-6.2100E-06,+25.7500000000E+00,+43.7499993E-03,+737.5001907E-03
-6.2000E-06,+25.1250000000E+00,+12.4999993E-03,+737.5001907E-03
-6.1900E-06,+25.1250000000E+00,-50.0000007E-03,+800.0001907E-03
-6.1800E-06,+25.1250000000E+00,-50.0000007E-03,+737.5001907E-03
-6.1700E-06,+25.1250000000E+00,-50.0000007E-03,+737.5001907E-03
-6.1600E-06,+25.1250000000E+00,-50.0000007E-03,+737.5001907E-03
-6.1500E-06,+25.1250000000E+00,-18.7500007E-03,+737.5001907E-03
-6.1400E-06,+25.1250000000E+00,-50.0000007E-03,+737.5001907E-03
-6.1300E-06,+25.1250000000E+00,-112.5000007E-03,+800.0001907E-03
-6.1200E-06,+25.1250000000E+00,-112.5000007E-03,+800.0001907E-03
-6.1100E-06,+25.1250000000E+00,-112.5000007E-03,+737.5001907E-03
-6.1000E-06,+25.1250000000E+00,-112.5000007E-03,+737.5001907E-03
-6.0900E-06,+25.1250000000E+00,-112.5000007E-03,+737.5001907E-03
-6.0800E-06,+25.1250000000E+00,-81.2500007E-03,+737.5001907E-03
-6.0700E-06,+25.1250000000E+00,-50.0000007E-03,+737.5001907E-03
-6.0600E-06,+25.1250000000E+00,-18.7500007E-03,+737.5001907E-03
-6.0500E-06,+25.1250000000E+00,-18.7500007E-03,+737.5001907E-03
-6.0400E-06,+25.1250000000E+00,-50.0000007E-03,+737.5001907E-03
-6.0300E-06,+24.5000000000E+00,-50.0000007E-03,+800.0001907E-03
-6.0200E-06,+24.5000000000E+00,-112.5000007E-03,+737.5001907E-03
-6.0100E-06,+25.1250000000E+00,-143.7500007E-03,+800.0001907E-03
-6.0000E-06,+24.5000000000E+00,-143.7500007E-03,+737.5001907E-03
-5.9900E-06,+24.5000000000E+00,-81.2500007E-03,+737.5001907E-03
-5.9800E-06,+24.5000000000E+00,-50.0000007E-03,+800.0001907E-03
-5.9700E-06,+24.5000000000E+00,+12.4999993E-03,+737.5001907E-03
-5.9600E-06,+24.5000000000E+00,-18.7500007E-03,+737.5001907E-03
-5.9500E-06,+24.5000000000E+00,-50.0000007E-03,+737.5001907E-03
-5.9400E-06,+24.5000000000E+00,-112.5000007E-03,+800.0001907E-03
-5.9300E-06,+23.8750000000E+00,-175.0000007E-03,+737.5001907E-03
-5.9200E-06,+23.8750000000E+00,-175.0000007E-03,+800.0001907E-03
-5.9100E-06,+24.5000000000E+00,-143.7500007E-03,+737.5001907E-03
-5.9000E-06,+24.5000000000E+00,-175.0000007E-03,+675.0001907E-03
-5.8900E-06,+23.8750000000E+00,-112.5000007E-03,+737.5001907E-03
-5.8800E-06,+24.5000000000E+00,-50.0000007E-03,+737.5001907E-03
-5.8700E-06,+24.5000000000E+00,-18.7500007E-03,+737.5001907E-03
-5.8600E-06,+24.5000000000E+00,-50.0000007E-03,+800.0001907E-03
-5.8500E-06,+23.8750000000E+00,-112.5000007E-03,+800.0001907E-03
-5.8400E-06,+24.5000000000E+00,-143.7500007E-03,+737.5001907E-03
-5.8300E-06,+24.5000000000E+00,-143.7500007E-03,+737.5001907E-03
-5.8200E-06,+24.5000000000E+00,-112.5000007E-03,+737.5001907E-03
-5.8100E-06,+23.8750000000E+00,-143.7500007E-03,+800.0001907E-03
-5.8000E-06,+23.8750000000E+00,-81.2500007E-03,+737.5001907E-03
-5.7900E-06,+23.8750000000E+00,-50.0000007E-03,+800.0001907E-03
-5.7800E-06,+24.5000000000E+00,-81.2500007E-03,+800.0001907E-03
-5.7700E-06,+23.8750000000E+00,-50.0000007E-03,+737.5001907E-03
-5.7600E-06,+23.8750000000E+00,-112.5000007E-03,+800.0001907E-03
-5.7500E-06,+23.8750000000E+00,-143.7500007E-03,+737.5001907E-03
-5.7400E-06,+23.8750000000E+00,-206.2500007E-03,+737.5001907E-03
-5.7300E-06,+23.8750000000E+00,-268.7500007E-03,+737.5001907E-03
-5.7200E-06,+23.8750000000E+00,-268.7500007E-03,+737.5001907E-03
-5.7100E-06,+23.8750000000E+00,-206.2500007E-03,+675.0001907E-03
-5.7000E-06,+24.5000000000E+00,-175.0000007E-03,+800.0001907E-03
-5.6900E-06,+23.8750000000E+00,-143.7500007E-03,+737.5001907E-03
-5.6800E-06,+23.8750000000E+00,-81.2500007E-03,+737.5001907E-03
-5.6700E-06,+23.8750000000E+00,-81.2500007E-03,+737.5001907E-03
-5.6600E-06,+23.2500000000E+00,-112.5000007E-03,+737.5001907E-03
-5.6500E-06,+24.5000000000E+00,-143.7500007E-03,+800.0001907E-03
-5.6400E-06,+23.8750000000E+00,-143.7500007E-03,+800.0001907E-03
-5.6300E-06,+23.2500000000E+00,-143.7500007E-03,+737.5001907E-03
-5.6200E-06,+23.8750000000E+00,-143.7500007E-03,+800.0001907E-03
-5.6100E-06,+23.2500000000E+00,-175.0000007E-03,+737.5001907E-03
-5.6000E-06,+23.8750000000E+00,-143.7500007E-03,+737.5001907E-03
-5.5900E-06,+23.8750000000E+00,-112.5000007E-03,+737.5001907E-03
-5.5800E-06,+23.2500000000E+00,-175.0000007E-03,+800.0001907E-03
-5.5700E-06,+23.8750000000E+00,-206.2500007E-03,+800.0001907E-03
-5.5600E-06,+23.8750000000E+00,-206.2500007E-03,+737.5001907E-03
-5.5500E-06,+23.8750000000E+00,-206.2500007E-03,+675.0001907E-03
-5.5400E-06,+23.2500000000E+00,-237.5000007E-03,+737.5001907E-03
-5.5300E-06,+23.8750000000E+00,-206.2500007E-03,+737.5001907E-03
-5.5200E-06,+23.8750000000E+00,-175.0000007E-03,+737.5001907E-03
-5.5100E-06,+23.2500000000E+00,-112.5000007E-03,+737.5001907E-03
-5.5000E-06,+23.8750000000E+00,-112.5000007E-03,+737.5001907E-03
-5.4900E-06,+23.2500000000E+00,-143.7500007E-03,+737.5001907E-03
-5.4800E-06,+23.8750000000E+00,-143.7500007E-03,+737.5001907E-03
-5.4700E-06,+23.2500000000E+00,-175.0000007E-03,+737.5001907E-03
-5.4600E-06,+23.8750000000E+00,-206.2500007E-03,+737.5001907E-03
-5.4500E-06,+23.2500000000E+00,-237.5000007E-03,+737.5001907E-03
-5.4400E-06,+23.2500000000E+00,-237.5000007E-03,+737.5001907E-03
-5.4300E-06,+23.2500000000E+00,-206.2500007E-03,+737.5001907E-03
-5.4200E-06,+23.2500000000E+00,-175.0000007E-03,+737.5001907E-03
-5.4100E-06,+23.2500000000E+00,-175.0000007E-03,+737.5001907E-03
-5.4000E-06,+23.2500000000E+00,-143.7500007E-03,+737.5001907E-03
-5.3900E-06,+23.2500000000E+00,-175.0000007E-03,+737.5001907E-03
-5.3800E-06,+23.2500000000E+00,-175.0000007E-03,+737.5001907E-03
-5.3700E-06,+23.2500000000E+00,-237.5000007E-03,+737.5001907E-03
-5.3600E-06,+23.2500000000E+00,-237.5000007E-03,+737.5001907E-03
-5.3500E-06,+23.2500000000E+00,-237.5000007E-03,+675.0001907E-03
-5.3400E-06,+23.2500000000E+00,-206.2500007E-03,+737.5001907E-03
-5.3300E-06,+23.2500000000E+00,-175.0000007E-03,+800.0001907E-03
-5.3200E-06,+23.2500000000E+00,-175.0000007E-03,+737.5001907E-03
-5.3100E-06,+23.2500000000E+00,-112.5000007E-03,+737.5001907E-03
-5.3000E-06,+23.8750000000E+00,-112.5000007E-03,+800.0001907E-03
-5.2900E-06,+23.2500000000E+00,-206.2500007E-03,+675.0001907E-03
-5.2800E-06,+23.2500000000E+00,-175.0000007E-03,+675.0001907E-03
-5.2700E-06,+23.2500000000E+00,-237.5000007E-03,+675.0001907E-03
-5.2600E-06,+23.2500000000E+00,-206.2500007E-03,+737.5001907E-03
-5.2500E-06,+23.2500000000E+00,-206.2500007E-03,+737.5001907E-03
-5.2400E-06,+23.2500000000E+00,-175.0000007E-03,+737.5001907E-03
-5.2300E-06,+22.6250000000E+00,-143.7500007E-03,+737.5001907E-03
-5.2200E-06,+23.2500000000E+00,-143.7500007E-03,+737.5001907E-03
-5.2100E-06,+23.2500000000E+00,-143.7500007E-03,+800.0001907E-03
-5.2000E-06,+22.6250000000E+00,-175.0000007E-03,+737.5001907E-03
-5.1900E-06,+22.6250000000E+00,-175.0000007E-03,+737.5001907E-03
-5.1800E-06,+23.2500000000E+00,-237.5000007E-03,+737.5001907E-03
-5.1700E-06,+23.2500000000E+00,-268.7500007E-03,+737.5001907E-03
-5.1600E-06,+23.2500000000E+00,-206.2500007E-03,+737.5001907E-03
-5.1500E-06,+23.2500000000E+00,-237.5000007E-03,+675.0001907E-03
-5.1400E-06,+23.2500000000E+00,-206.2500007E-03,+737.5001907E-03
-5.1300E-06,+23.2500000000E+00,-206.2500007E-03,+737.5001907E-03
-5.1200E-06,+23.2500000000E+00,-175.0000007E-03,+737.5001907E-03
-5.1100E-06,+22.6250000000E+00,-175.0000007E-03,+737.5001907E-03
-5.1000E-06,+23.2500000000E+00,-143.7500007E-03,+800.0001907E-03
-5.0900E-06,+23.2500000000E+00,-206.2500007E-03,+737.5001907E-03
-5.0800E-06,+23.2500000000E+00,-175.0000007E-03,+737.5001907E-03
-5.0700E-06,+23.2500000000E+00,-143.7500007E-03,+737.5001907E-03
-5.0600E-06,+23.2500000000E+00,-175.0000007E-03,+737.5001907E-03
-5.0500E-06,+23.2500000000E+00,-206.2500007E-03,+737.5001907E-03
-5.0400E-06,+23.2500000000E+00,-206.2500007E-03,+675.0001907E-03
-5.0300E-06,+23.2500000000E+00,-237.5000007E-03,+675.0001907E-03
-5.0200E-06,+22.6250000000E+00,-237.5000007E-03,+737.5001907E-03
-5.0100E-06,+22.6250000000E+00,-268.7500007E-03,+675.0001907E-03
-5.0000E-06,+22.6250000000E+00,-300.0000007E-03,+737.5001907E-03
-4.9900E-06,+23.2500000000E+00,-300.0000007E-03,+675.0001907E-03
-4.9800E-06,+23.2500000000E+00,-237.5000007E-03,+737.5001907E-03
-4.9700E-06,+22.6250000000E+00,-237.5000007E-03,+737.5001907E-03
-4.9600E-06,+23.2500000000E+00,-206.2500007E-03,+800.0001907E-03
-4.9500E-06,+22.6250000000E+00,-175.0000007E-03,+737.5001907E-03
-4.9400E-06,+23.2500000000E+00,-175.0000007E-03,+737.5001907E-03
-4.9300E-06,+22.6250000000E+00,-237.5000007E-03,+737.5001907E-03
-4.9200E-06,+23.2500000000E+00,-237.5000007E-03,+737.5001907E-03
-4.9100E-06,+23.2500000000E+00,-237.5000007E-03,+737.5001907E-03
-4.9000E-06,+23.2500000000E+00,-237.5000007E-03,+737.5001907E-03
-4.8900E-06,+22.6250000000E+00,-237.5000007E-03,+737.5001907E-03
-4.8800E-06,+23.2500000000E+00,-175.0000007E-03,+737.5001907E-03
-4.8700E-06,+22.6250000000E+00,-143.7500007E-03,+737.5001907E-03
-4.8600E-06,+23.2500000000E+00,-175.0000007E-03,+737.5001907E-03
-4.8500E-06,+22.6250000000E+00,-206.2500007E-03,+737.5001907E-03
-4.8400E-06,+23.2500000000E+00,-175.0000007E-03,+737.5001907E-03
-4.8300E-06,+22.6250000000E+00,-237.5000007E-03,+675.0001907E-03
-4.8200E-06,+23.2500000000E+00,-237.5000007E-03,+737.5001907E-03
-4.8100E-06,+22.6250000000E+00,-268.7500007E-03,+737.5001907E-03
-4.8000E-06,+22.6250000000E+00,-268.7500007E-03,+737.5001907E-03
-4.7900E-06,+22.6250000000E+00,-237.5000007E-03,+737.5001907E-03
-4.7800E-06,+23.2500000000E+00,-237.5000007E-03,+737.5001907E-03
-4.7700E-06,+22.6250000000E+00,-237.5000007E-03,+675.0001907E-03
-4.7600E-06,+23.2500000000E+00,-206.2500007E-03,+737.5001907E-03
-4.7500E-06,+22.6250000000E+00,-237.5000007E-03,+737.5001907E-03
-4.7400E-06,+23.2500000000E+00,-237.5000007E-03,+737.5001907E-03
-4.7300E-06,+22.6250000000E+00,-237.5000007E-03,+737.5001907E-03
-4.7200E-06,+23.2500000000E+00,-206.2500007E-03,+675.0001907E-03
-4.7100E-06,+22.6250000000E+00,-206.2500007E-03,+737.5001907E-03
-4.7000E-06,+22.6250000000E+00,-175.0000007E-03,+737.5001907E-03
-4.6900E-06,+23.2500000000E+00,-175.0000007E-03,+737.5001907E-03
-4.6800E-06,+23.2500000000E+00,-175.0000007E-03,+675.0001907E-03
-4.6700E-06,+23.2500000000E+00,-143.7500007E-03,+737.5001907E-03
-4.6600E-06,+22.6250000000E+00,-175.0000007E-03,+737.5001907E-03
-4.6500E-06,+23.2500000000E+00,-237.5000007E-03,+737.5001907E-03
-4.6400E-06,+22.6250000000E+00,-237.5000007E-03,+800.0001907E-03
-4.6300E-06,+22.6250000000E+00,-206.2500007E-03,+675.0001907E-03
-4.6200E-06,+23.2500000000E+00,-206.2500007E-03,+737.5001907E-03
-4.6100E-06,+23.2500000000E+00,-237.5000007E-03,+737.5001907E-03
-4.6000E-06,+23.2500000000E+00,-206.2500007E-03,+737.5001907E-03
-4.5900E-06,+22.6250000000E+00,-237.5000007E-03,+737.5001907E-03
-4.5800E-06,+22.6250000000E+00,-237.5000007E-03,+737.5001907E-03
-4.5700E-06,+22.6250000000E+00,-237.5000007E-03,+675.0001907E-03
-4.5600E-06,+22.6250000000E+00,-237.5000007E-03,+737.5001907E-03
-4.5500E-06,+22.6250000000E+00,-237.5000007E-03,+675.0001907E-03
-4.5400E-06,+23.2500000000E+00,-206.2500007E-03,+737.5001907E-03
-4.5300E-06,+23.2500000000E+00,-206.2500007E-03,+737.5001907E-03
-4.5200E-06,+23.2500000000E+00,-112.5000007E-03,+737.5001907E-03
-4.5100E-06,+23.2500000000E+00,-112.5000007E-03,+675.0001907E-03
-4.5000E-06,+22.6250000000E+00,-81.2500007E-03,+800.0001907E-03
-4.4900E-06,+22.6250000000E+00,-143.7500007E-03,+800.0001907E-03
-4.4800E-06,+23.2500000000E+00,-143.7500007E-03,+675.0001907E-03
-4.4700E-06,+22.6250000000E+00,-175.0000007E-03,+675.0001907E-03
-4.4600E-06,+22.6250000000E+00,-206.2500007E-03,+800.0001907E-03
-4.4500E-06,+22.6250000000E+00,-268.7500007E-03,+737.5001907E-03
-4.4400E-06,+23.2500000000E+00,-237.5000007E-03,+675.0001907E-03
-4.4300E-06,+22.6250000000E+00,-237.5000007E-03,+737.5001907E-03
-4.4200E-06,+22.6250000000E+00,-206.2500007E-03,+737.5001907E-03
-4.4100E-06,+22.6250000000E+00,-237.5000007E-03,+737.5001907E-03
-4.4000E-06,+22.6250000000E+00,-206.2500007E-03,+737.5001907E-03
-4.3900E-06,+22.6250000000E+00,-206.2500007E-03,+675.0001907E-03
-4.3800E-06,+23.2500000000E+00,-206.2500007E-03,+737.5001907E-03
-4.3700E-06,+22.6250000000E+00,-237.5000007E-03,+737.5001907E-03
-4.3600E-06,+22.6250000000E+00,-237.5000007E-03,+737.5001907E-03
-4.3500E-06,+23.2500000000E+00,-425.0000007E-03,+800.0001907E-03
-4.3400E-06,+22.6250000000E+00,-143.7500007E-03,+737.5001907E-03
-4.3300E-06,+9.5000000001E+00,-268.7500007E-03,+675.0001907E-03
-4.3200E-06,+5.1250000000E+00,-18.7500007E-03,+675.0001907E-03
-4.3100E-06,+3.8750000000E+00,-362.5000007E-03,+612.5001907E-03
-4.3000E-06,+3.2500000000E+00,-143.7500007E-03,+675.0001907E-03
-4.2900E-06,+2.6250000000E+00,-268.7500007E-03,+675.0001907E-03
-4.2800E-06,+2.6250000000E+00,+74.9999993E-03,+675.0001907E-03
-4.2700E-06,+2.0000000000E+00,-143.7500007E-03,+550.0001907E-03
-4.2600E-06,+2.0000000000E+00,-143.7500007E-03,+550.0001907E-03
-4.2500E-06,+1.3750000000E+00,-393.7500007E-03,+612.5001907E-03
-4.2400E-06,+1.3750000000E+00,-143.7500007E-03,+612.5001907E-03
-4.2300E-06,+1.3750000000E+00,-268.7500007E-03,+675.0001907E-03
-4.2200E-06,+1.3750000000E+00,-143.7500007E-03,+612.5001907E-03
-4.2100E-06,+750.0000000E-03,-331.2500007E-03,+612.5001907E-03
-4.2000E-06,+1.3750000000E+00,-206.2500007E-03,+550.0001907E-03
-4.1900E-06,+750.0000000E-03,-331.2500007E-03,+425.0001907E-03
-4.1800E-06,+1.3750000000E+00,-175.0000007E-03,-699.9998093E-03
-4.1700E-06,+750.0000000E-03,-331.2500007E-03,-2.3249998093E+00
-4.1600E-06,+750.0000000E-03,-175.0000007E-03,-3.6374998093E+00
-4.1500E-06,+750.0000000E-03,-237.5000007E-03,-4.0749998093E+00
-4.1400E-06,+1.3750000000E+00,-143.7500007E-03,-3.2624998093E+00
-4.1300E-06,+750.0000000E-03,-237.5000007E-03,-2.0124998093E+00
-4.1200E-06,+750.0000000E-03,-175.0000007E-03,-887.4998093E-03
-4.1100E-06,+750.0000000E-03,-237.5000007E-03,-74.9998093E-03
-4.1000E-06,+1.3750000000E+00,-237.5000007E-03,+237.5001907E-03
-4.0900E-06,+1.3750000000E+00,-300.0000007E-03,+112.5001907E-03
-4.0800E-06,+750.0000000E-03,-268.7500007E-03,-387.4998093E-03
-4.0700E-06,+125.0000000E-03,-300.0000007E-03,-1.0749998093E+00
-4.0600E-06,+750.0000000E-03,-237.5000007E-03,-1.7624998093E+00
-4.0500E-06,+750.0000000E-03,-237.5000007E-03,-2.1374998093E+00
-4.0400E-06,+1.3750000000E+00,-206.2500007E-03,-2.1999998093E+00
-4.0300E-06,+750.0000000E-03,-206.2500007E-03,-1.8249998093E+00
-4.0200E-06,+1.3750000000E+00,-237.5000007E-03,-1.3874998093E+00
-4.0100E-06,+750.0000000E-03,-268.7500007E-03,-949.9998093E-03
-4.0000E-06,+125.0000000E-03,-300.0000007E-03,-699.9998093E-03
-3.9900E-06,+750.0000000E-03,-237.5000007E-03,-637.4998093E-03
-3.9800E-06,+750.0000000E-03,-206.2500007E-03,-824.9998093E-03
-3.9700E-06,+750.0000000E-03,-206.2500007E-03,-1.0749998093E+00
-3.9600E-06,+125.0000000E-03,-175.0000007E-03,-1.3249998093E+00
-3.9500E-06,+125.0000000E-03,-112.5000007E-03,-1.5124998093E+00
-3.9400E-06,+750.0000000E-03,-143.7500007E-03,-1.5749998093E+00
-3.9300E-06,+1.3750000000E+00,-175.0000007E-03,-1.4499998093E+00
-3.9200E-06,+1.3750000000E+00,-206.2500007E-03,-1.3249998093E+00
-3.9100E-06,+750.0000000E-03,-237.5000007E-03,-1.1374998093E+00
-3.9000E-06,+750.0000000E-03,-300.0000007E-03,-1.0124998093E+00
-3.8900E-06,+750.0000000E-03,-268.7500007E-03,-949.9998093E-03
-3.8800E-06,+750.0000000E-03,-268.7500007E-03,-1.0124998093E+00
-3.8700E-06,+750.0000000E-03,-268.7500007E-03,-1.0749998093E+00
-3.8600E-06,+750.0000000E-03,-268.7500007E-03,-1.1374998093E+00
-3.8500E-06,+125.0000000E-03,-300.0000007E-03,-1.2624998093E+00
-3.8400E-06,+1.3750000000E+00,-300.0000007E-03,-1.3249998093E+00
-3.8300E-06,+750.0000000E-03,-300.0000007E-03,-1.3249998093E+00
-3.8200E-06,+750.0000000E-03,-300.0000007E-03,-1.2624998093E+00
-3.8100E-06,+750.0000000E-03,-268.7500007E-03,-1.1999998093E+00
-3.8000E-06,+750.0000000E-03,-268.7500007E-03,-1.1374998093E+00
-3.7900E-06,+750.0000000E-03,-237.5000007E-03,-1.1374998093E+00
-3.7800E-06,+750.0000000E-03,-175.0000007E-03,-1.1999998093E+00
-3.7700E-06,+750.0000000E-03,-175.0000007E-03,-1.1999998093E+00
-3.7600E-06,+750.0000000E-03,-175.0000007E-03,-1.1999998093E+00
-3.7500E-06,+750.0000000E-03,-143.7500007E-03,-1.1999998093E+00
-3.7400E-06,+750.0000000E-03,-206.2500007E-03,-1.2624998093E+00
-3.7300E-06,+750.0000000E-03,-237.5000007E-03,-1.2624998093E+00
-3.7200E-06,+1.3750000000E+00,-300.0000007E-03,-1.1999998093E+00
-3.7100E-06,+125.0000000E-03,-237.5000007E-03,-1.1374998093E+00
-3.7000E-06,+750.0000000E-03,-268.7500007E-03,-1.1999998093E+00
-3.6900E-06,+750.0000000E-03,-300.0000007E-03,-1.1999998093E+00
-3.6800E-06,+1.3750000000E+00,-300.0000007E-03,-1.1999998093E+00
-3.6700E-06,+750.0000000E-03,-268.7500007E-03,-1.1999998093E+00
-3.6600E-06,+750.0000000E-03,-300.0000007E-03,-1.1999998093E+00
-3.6500E-06,+750.0000000E-03,-300.0000007E-03,-1.1999998093E+00
-3.6400E-06,+1.3750000000E+00,-300.0000007E-03,-1.1999998093E+00
-3.6300E-06,+125.0000000E-03,-268.7500007E-03,-1.1999998093E+00
-3.6200E-06,+125.0000000E-03,-268.7500007E-03,-1.1999998093E+00
-3.6100E-06,+750.0000000E-03,-237.5000007E-03,-1.1999998093E+00
-3.6000E-06,+1.3750000000E+00,-206.2500007E-03,-1.1999998093E+00
-3.5900E-06,+750.0000000E-03,-175.0000007E-03,-1.1999998093E+00
-3.5800E-06,+750.0000000E-03,-143.7500007E-03,-1.1374998093E+00
-3.5700E-06,+750.0000000E-03,-206.2500007E-03,-1.1999998093E+00
-3.5600E-06,+750.0000000E-03,-268.7500007E-03,-1.1374998093E+00
-3.5500E-06,+750.0000000E-03,-300.0000007E-03,-1.1999998093E+00
-3.5400E-06,+750.0000000E-03,-331.2500007E-03,-1.1999998093E+00
-3.5300E-06,+750.0000000E-03,-362.5000007E-03,-1.1999998093E+00
-3.5200E-06,+750.0000000E-03,-268.7500007E-03,-1.1374998093E+00
-3.5100E-06,+750.0000000E-03,-268.7500007E-03,-1.1999998093E+00
-3.5000E-06,+750.0000000E-03,-206.2500007E-03,-1.1999998093E+00
-3.4900E-06,+1.3750000000E+00,-237.5000007E-03,-1.1374998093E+00
-3.4800E-06,+1.3750000000E+00,-206.2500007E-03,-1.1999998093E+00
-3.4700E-06,+750.0000000E-03,-237.5000007E-03,-1.1374998093E+00
-3.4600E-06,+750.0000000E-03,-268.7500007E-03,-1.1999998093E+00
-3.4500E-06,+750.0000000E-03,-362.5000007E-03,-1.1999998093E+00
-3.4400E-06,+1.3750000000E+00,-300.0000007E-03,-1.1374998093E+00
-3.4300E-06,+125.0000000E-03,-300.0000007E-03,-1.1374998093E+00
-3.4200E-06,+750.0000000E-03,-237.5000007E-03,-1.1999998093E+00
-3.4100E-06,+750.0000000E-03,-175.0000007E-03,-1.1999998093E+00
-3.4000E-06,+1.3750000000E+00,-143.7500007E-03,-1.1999998093E+00
-3.3900E-06,+125.0000000E-03,-112.5000007E-03,-1.2624998093E+00
-3.3800E-06,+1.3750000000E+00,-143.7500007E-03,-1.1999998093E+00
-3.3700E-06,+750.0000000E-03,-175.0000007E-03,-1.1999998093E+00
-3.3600E-06,+1.3750000000E+00,-206.2500007E-03,-1.1374998093E+00
-3.3500E-06,+750.0000000E-03,-237.5000007E-03,-1.1999998093E+00
-3.3400E-06,+750.0000000E-03,-237.5000007E-03,-1.1999998093E+00
-3.3300E-06,+750.0000000E-03,-268.7500007E-03,-1.1999998093E+00
-3.3200E-06,+750.0000000E-03,-206.2500007E-03,-1.1999998093E+00
-3.3100E-06,+750.0000000E-03,-237.5000007E-03,-1.1999998093E+00
-3.3000E-06,+750.0000000E-03,-237.5000007E-03,-1.1999998093E+00
-3.2900E-06,+750.0000000E-03,-237.5000007E-03,-1.2624998093E+00
-3.2800E-06,+1.3750000000E+00,-268.7500007E-03,-1.1999998093E+00
-3.2700E-06,+750.0000000E-03,-268.7500007E-03,-1.1999998093E+00
-3.2600E-06,+1.3750000000E+00,-300.0000007E-03,-1.1999998093E+00
-3.2500E-06,+750.0000000E-03,-331.2500007E-03,-1.2624998093E+00
-3.2400E-06,+750.0000000E-03,-268.7500007E-03,-1.1999998093E+00
-3.2300E-06,+750.0000000E-03,-237.5000007E-03,-1.1999998093E+00
-3.2200E-06,+1.3750000000E+00,-206.2500007E-03,-1.1999998093E+00
-3.2100E-06,+750.0000000E-03,-175.0000007E-03,-1.1999998093E+00
-3.2000E-06,+750.0000000E-03,-143.7500007E-03,-1.1999998093E+00
-3.1900E-06,+750.0000000E-03,-206.2500007E-03,-1.1999998093E+00
-3.1800E-06,+1.3750000000E+00,-175.0000007E-03,-1.1999998093E+00
-3.1700E-06,+750.0000000E-03,-237.5000007E-03,-1.1999998093E+00
-3.1600E-06,+125.0000000E-03,-206.2500007E-03,-1.1999998093E+00
-3.1500E-06,+750.0000000E-03,-237.5000007E-03,-1.1999998093E+00
-3.1400E-06,+750.0000000E-03,-206.2500007E-03,-1.1999998093E+00
-3.1300E-06,+750.0000000E-03,-237.5000007E-03,-1.1999998093E+00
-3.1200E-06,+1.3750000000E+00,-206.2500007E-03,-1.1999998093E+00
-3.1100E-06,+750.0000000E-03,-237.5000007E-03,-1.1999998093E+00
-3.1000E-06,+750.0000000E-03,-237.5000007E-03,-1.1999998093E+00
-3.0900E-06,+750.0000000E-03,-268.7500007E-03,-1.2624998093E+00
-3.0800E-06,+1.3750000000E+00,-300.0000007E-03,-1.1999998093E+00
-3.0700E-06,+125.0000000E-03,-268.7500007E-03,-1.2624998093E+00
-3.0600E-06,+750.0000000E-03,-237.5000007E-03,-1.1999998093E+00
-3.0500E-06,+750.0000000E-03,-237.5000007E-03,-1.1999998093E+00
-3.0400E-06,+750.0000000E-03,-206.2500007E-03,-1.1999998093E+00
-3.0300E-06,+750.0000000E-03,-175.0000007E-03,-1.1999998093E+00
-3.0200E-06,+750.0000000E-03,-175.0000007E-03,-1.2624998093E+00
-3.0100E-06,+750.0000000E-03,-175.0000007E-03,-1.2624998093E+00
-3.0000E-06,+750.0000000E-03,-237.5000007E-03,-1.2624998093E+00
-2.9900E-06,+750.0000000E-03,-237.5000007E-03,-1.2624998093E+00
-2.9800E-06,+750.0000000E-03,-300.0000007E-03,-1.1999998093E+00
-2.9700E-06,+750.0000000E-03,-300.0000007E-03,-1.2624998093E+00
-2.9600E-06,+750.0000000E-03,-268.7500007E-03,-1.1999998093E+00
-2.9500E-06,+750.0000000E-03,-237.5000007E-03,-1.1999998093E+00
-2.9400E-06,+750.0000000E-03,-237.5000007E-03,-1.2624998093E+00
-2.9300E-06,+750.0000000E-03,-206.2500007E-03,-1.1999998093E+00
-2.9200E-06,+750.0000000E-03,-206.2500007E-03,-1.1999998093E+00
-2.9100E-06,+750.0000000E-03,-237.5000007E-03,-1.2624998093E+00
-2.9000E-06,+750.0000000E-03,-268.7500007E-03,-1.2624998093E+00
-2.8900E-06,+1.3750000000E+00,-268.7500007E-03,-1.1999998093E+00
-2.8800E-06,+750.0000000E-03,-237.5000007E-03,-1.1999998093E+00
-2.8700E-06,+750.0000000E-03,-237.5000007E-03,-1.2624998093E+00
-2.8600E-06,+1.3750000000E+00,-206.2500007E-03,-1.2624998093E+00
-2.8500E-06,+125.0000000E-03,-175.0000007E-03,-1.2624998093E+00
-2.8400E-06,+750.0000000E-03,-175.0000007E-03,-1.2624998093E+00
-2.8300E-06,+750.0000000E-03,-143.7500007E-03,-1.1999998093E+00
-2.8200E-06,+1.3750000000E+00,-143.7500007E-03,-1.2624998093E+00
-2.8100E-06,+750.0000000E-03,-175.0000007E-03,-1.2624998093E+00
-2.8000E-06,+1.3750000000E+00,-175.0000007E-03,-1.2624998093E+00
-2.7900E-06,+750.0000000E-03,-175.0000007E-03,-1.2624998093E+00
-2.7800E-06,+750.0000000E-03,-175.0000007E-03,-1.2624998093E+00
-2.7700E-06,+750.0000000E-03,-175.0000007E-03,-1.2624998093E+00
-2.7600E-06,+1.3750000000E+00,-175.0000007E-03,-1.1999998093E+00
-2.7500E-06,+750.0000000E-03,-175.0000007E-03,-1.2624998093E+00
-2.7400E-06,+1.3750000000E+00,-175.0000007E-03,-1.2624998093E+00
-2.7300E-06,+750.0000000E-03,-237.5000007E-03,-1.2624998093E+00
-2.7200E-06,+1.3750000000E+00,-206.2500007E-03,-1.2624998093E+00
-2.7100E-06,+750.0000000E-03,-237.5000007E-03,-1.2624998093E+00
-2.7000E-06,+750.0000000E-03,-206.2500007E-03,-1.2624998093E+00
-2.6900E-06,+750.0000000E-03,-237.5000007E-03,-1.2624998093E+00
-2.6800E-06,+750.0000000E-03,-175.0000007E-03,-1.2624998093E+00
-2.6700E-06,+750.0000000E-03,-175.0000007E-03,-1.3249998093E+00
-2.6600E-06,+750.0000000E-03,-206.2500007E-03,-1.2624998093E+00
-2.6500E-06,+750.0000000E-03,-175.0000007E-03,-1.2624998093E+00
-2.6400E-06,+1.3750000000E+00,-175.0000007E-03,-1.2624998093E+00
-2.6300E-06,+750.0000000E-03,-175.0000007E-03,-1.2624998093E+00
-2.6200E-06,+750.0000000E-03,-143.7500007E-03,-1.2624998093E+00
-2.6100E-06,+750.0000000E-03,-175.0000007E-03,-1.2624998093E+00
-2.6000E-06,+750.0000000E-03,-143.7500007E-03,-1.2624998093E+00
-2.5900E-06,+1.3750000000E+00,-112.5000007E-03,-1.2624998093E+00
-2.5800E-06,+1.3750000000E+00,-143.7500007E-03,-1.2624998093E+00
-2.5700E-06,+750.0000000E-03,-175.0000007E-03,-1.2624998093E+00
-2.5600E-06,+1.3750000000E+00,-206.2500007E-03,-1.2624998093E+00
-2.5500E-06,+750.0000000E-03,-237.5000007E-03,-1.2624998093E+00
-2.5400E-06,+1.3750000000E+00,-268.7500007E-03,-1.2624998093E+00
-2.5300E-06,+750.0000000E-03,-268.7500007E-03,-1.2624998093E+00
-2.5200E-06,+1.3750000000E+00,-268.7500007E-03,-1.2624998093E+00
-2.5100E-06,+750.0000000E-03,-206.2500007E-03,-1.3249998093E+00
-2.5000E-06,+750.0000000E-03,-206.2500007E-03,-1.2624998093E+00
-2.4900E-06,+750.0000000E-03,-175.0000007E-03,-1.2624998093E+00
-2.4800E-06,+1.3750000000E+00,-112.5000007E-03,-1.3249998093E+00
-2.4700E-06,+750.0000000E-03,-112.5000007E-03,-1.2624998093E+00
-2.4600E-06,+750.0000000E-03,-143.7500007E-03,-1.2624998093E+00
-2.4500E-06,+1.3750000000E+00,-175.0000007E-03,-1.2624998093E+00
-2.4400E-06,+750.0000000E-03,-175.0000007E-03,-1.3249998093E+00
-2.4300E-06,+1.3750000000E+00,-143.7500007E-03,-1.3249998093E+00
-2.4200E-06,+125.0000000E-03,-143.7500007E-03,-1.3249998093E+00
-2.4100E-06,+750.0000000E-03,-175.0000007E-03,-1.2624998093E+00
-2.4000E-06,+750.0000000E-03,-112.5000007E-03,-1.2624998093E+00
-2.3900E-06,+125.0000000E-03,-112.5000007E-03,-1.3249998093E+00
-2.3800E-06,+750.0000000E-03,-143.7500007E-03,-1.3249998093E+00
-2.3700E-06,+750.0000000E-03,-175.0000007E-03,-1.3249998093E+00
-2.3600E-06,+1.3750000000E+00,-175.0000007E-03,-1.3249998093E+00
-2.3500E-06,+750.0000000E-03,-206.2500007E-03,-1.3249998093E+00
-2.3400E-06,+750.0000000E-03,-175.0000007E-03,-1.3249998093E+00
-2.3300E-06,+750.0000000E-03,-206.2500007E-03,-1.2624998093E+00
-2.3200E-06,+1.3750000000E+00,-175.0000007E-03,-1.2624998093E+00
-2.3100E-06,+750.0000000E-03,-143.7500007E-03,-1.3249998093E+00
-2.3000E-06,+750.0000000E-03,-143.7500007E-03,-1.2624998093E+00
-2.2900E-06,+750.0000000E-03,-143.7500007E-03,-1.2624998093E+00
-2.2800E-06,+1.3750000000E+00,-175.0000007E-03,-1.3249998093E+00
-2.2700E-06,+750.0000000E-03,-143.7500007E-03,-1.2624998093E+00
-2.2600E-06,+750.0000000E-03,-143.7500007E-03,-1.3249998093E+00
-2.2500E-06,+750.0000000E-03,-206.2500007E-03,-1.2624998093E+00
-2.2400E-06,+750.0000000E-03,-175.0000007E-03,-1.3249998093E+00
-2.2300E-06,+750.0000000E-03,-112.5000007E-03,-1.3249998093E+00
-2.2200E-06,+1.3750000000E+00,-112.5000007E-03,-1.3249998093E+00
-2.2100E-06,+750.0000000E-03,-112.5000007E-03,-1.3249998093E+00
-2.2000E-06,+1.3750000000E+00,-112.5000007E-03,-1.3249998093E+00
-2.1900E-06,+750.0000000E-03,-112.5000007E-03,-1.3249998093E+00
-2.1800E-06,+750.0000000E-03,-112.5000007E-03,-1.3249998093E+00
-2.1700E-06,+750.0000000E-03,-175.0000007E-03,-1.3249998093E+00
-2.1600E-06,+1.3750000000E+00,-206.2500007E-03,-1.3249998093E+00
-2.1500E-06,+750.0000000E-03,-175.0000007E-03,-1.3874998093E+00
-2.1400E-06,+750.0000000E-03,-143.7500007E-03,-1.3249998093E+00
-2.1300E-06,+750.0000000E-03,-112.5000007E-03,-1.3249998093E+00
-2.1200E-06,+1.3750000000E+00,-81.2500007E-03,-1.3249998093E+00
-2.1100E-06,+125.0000000E-03,-112.5000007E-03,-1.3249998093E+00
-2.1000E-06,+750.0000000E-03,-143.7500007E-03,-1.3249998093E+00
-2.0900E-06,+750.0000000E-03,-143.7500007E-03,-1.3249998093E+00
-2.0800E-06,+750.0000000E-03,-143.7500007E-03,-1.3249998093E+00
-2.0700E-06,+750.0000000E-03,-175.0000007E-03,-1.3874998093E+00
-2.0600E-06,+750.0000000E-03,-206.2500007E-03,-1.3249998093E+00
-2.0500E-06,+750.0000000E-03,-112.5000007E-03,-1.3249998093E+00
-2.0400E-06,+1.3750000000E+00,-18.7500007E-03,-1.3249998093E+00
-2.0300E-06,+750.0000000E-03,-18.7500007E-03,-1.3249998093E+00
-2.0200E-06,+750.0000000E-03,-50.0000007E-03,-1.3249998093E+00
-2.0100E-06,+750.0000000E-03,-81.2500007E-03,-1.2624998093E+00
-2.0000E-06,+1.3750000000E+00,-112.5000007E-03,-1.3249998093E+00
-1.9900E-06,+1.3750000000E+00,-143.7500007E-03,-1.3249998093E+00
-1.9800E-06,+750.0000000E-03,-206.2500007E-03,-1.3249998093E+00
-1.9700E-06,+750.0000000E-03,-237.5000007E-03,-1.3874998093E+00
-1.9600E-06,+1.3750000000E+00,-206.2500007E-03,-1.3249998093E+00
-1.9500E-06,+750.0000000E-03,-143.7500007E-03,-1.3249998093E+00
-1.9400E-06,+1.3750000000E+00,-143.7500007E-03,-1.3874998093E+00
-1.9300E-06,+750.0000000E-03,-112.5000007E-03,-1.3249998093E+00
-1.9200E-06,+1.3750000000E+00,-50.0000007E-03,-1.3249998093E+00
-1.9100E-06,+750.0000000E-03,-81.2500007E-03,-1.3249998093E+00
-1.9000E-06,+750.0000000E-03,-143.7500007E-03,-1.3249998093E+00
-1.8900E-06,+750.0000000E-03,-175.0000007E-03,-1.3249998093E+00
-1.8800E-06,+1.3750000000E+00,-143.7500007E-03,-1.3874998093E+00
-1.8700E-06,+125.0000000E-03,-112.5000007E-03,-1.3874998093E+00
-1.8600E-06,+750.0000000E-03,-112.5000007E-03,-1.3874998093E+00
